SPS	1	O jaký druh spojení se jedná, pokud jsou dvě součásti spolu spojené pomocí závrtného šroubu?	A	Spojení se silovým stykem	Spojení s tvarovým stykem	Spojení s materiálovým stykem	Spojení se šroubovým stykem
SPS	2	O jaký druh spojení se jedná, pokud jsou dvě součásti spolu spojené pomocí lícovaného šroubu?	B	Spojení se silovým stykem	Spojení s tvarovým stykem	Spojení s materiálovým stykem	Spojení se šroubovým stykem
SPS	3	Jaký závit mají nejběžněji šrouby (běžně k zakoupení v hobbymarketu)?	A	Jednochodý pravý	Jednochodý levý	Dvouhodý pravý	Dvouhodý levý
SPS	4	Jaké označení má nejmenší průměr závitu šroubu?	D	d	d₁	d₂	d₃
SPS	5	Jaké označení má rozteč (stoupání) závitu?	B	D	P	S	R
SPS	6	Na šroubu je vyroben čtyřchodý závit. Jaký je vztah mezi jeho stoupáním a roztečí?	B	Stoupání je dvakrát větší než rozteč	Stoupání je čtyřikrát větší než rozteč	Rozteč je dvakrát větší než stoupání	Rozteč je čtyřikrát větší než stoupání
SPS	7	Jaký druh závitu je závit s označením Tr48x8?	C	Metrický závit	Trubkový závit	Lichoběžníkový rovnoramenný závit	Lichoběžníkový nerovnoramenný závit
SPS	8	V možnostech jsou uvedeny účely použití podložek ve šroubových spojích. Které možnosti mezi ostatní nepatří?	A	Vytvoření tvarového styku mezi šroubem (maticí) a spojovanou součástí	Pojištění šroubového spoje proti povolení	Zamezení odírání součástí při častém povolování a utahování	Rozdělení tlaku mezi hlavou šroubu a spojovaným materiálem
SPS	9	Pokud je realizováno pojištění šroubového spoje pomocí korunkové matice, pak je nutné zároveň použít i další součást. Kterou?	B	Polymidový kroužek	Závlačku	Podložku s jazýčkem	Stavěcí šroub
SPS	10	Pokud první číslo pevnostní třídy šroubu vynásobíme krát 100, pak vypočítáme materiálu šroubu jeho mez …	A	pevnosti	kluzu	úměrnosti	elasticity
SPS	11	Závit M20x2-6H. O jaký závit se jedná?	B	Levý vnitřní metrický závit	Pravý vnitřní metrický závit	Levý vnější metrický závit	Pravý vnější metrický závit
SPS	12	Závit M30x3(L5) LH-6g. O jaký závit se jedná?	B	Trojchodý levý vnější metrický závit	Dvouhodý levý vnější metrický závit	Dvouhodý pravý vnitřní metrický závit	Trojchodý levý vnitřní metrický závit
SPS	13	Co musí být splněno, aby byl závit samosvorný?	A	Třecí úhel musí být větší než úhel stoupání	Úhel stoupání musí být větší než třecí úhel	Úhel stoupání musí být větší než úhel profilu závitu	Třecí úhel musí být větší než úhel profilu závitu
SPS	14	Na jaké druhy namáhání se pevnostně kontroluje závit šroubu?	C	Pouze na tah	Pouze na střih	Na otlačení a střih	Na tah a tlak
SPS	15	Na jaké druhy namáhání se pevnostně kontroluje dřík lícovaného šroubu?	C	Pouze na tah	Pouze na střih	Na otlačení a střih	Na tah a tlak
SPS	16	Jaký šroub vidíte na obrázku?	B	Lícovaný	Stavečí	Závitový	Vratový
SPS	17	Jakou matici vidíte na obrázku?	B	KM	Korunkovou	Křídlovou	Samojistnou
SPS	18	Jakou podložku vidíte na obrázku?	B	Pružnou	Vějířovou	Nord-Lock	Ozubenou
SPS	19	Jaký závit má šroub na obrázku?	A	Jednochodý levý závit	Dvouhodý pravý závit	Trojchodý levý závit	Čtyřchodý pravý závit
SPS	20	Šroub na obrázku má velikost (je označen jako) M10 x 45 dle normy ISO 4014. Které písmenko na obrázku lze nahradit číslem 45 (tedy délkou šroubu v mm)?	B	A	B	C	D
SPS	21	Který z těchto druhů spojů se považuje za nerozebíratelný?	D	Šroubový spoj	Kolíkový spoj	Čepový spoj	Nýtový spoj
SPS	22	Který z těchto spojů se primárně nepovažuje za spoj s tvarovým stykem?	A	Šroubový spoj	Kolíkový spoj	Čepový spoj	Nýtový spoj
SPS	23	Která z těchto spojovacích součástí se kontroluje i na ohyb?	C	Šroub	Kolík	Čep	Nýt
SPS	24	Ke kterému z uvedených účelů je nejméně vhodný kotlíkový spoj?	B	K ustavení vzájemné přesné polohy	K vytváření kloubového spoje	K přenosu síly kolmé k ose kotlíku	K přenosu krouticího momentu z hřídele na náboj
SPS	25	Který druh kotlíku má vůči ostatním nejnižší hmotnost (při podobných rozměrech)?	C	Válcový kotlík	Kuželový kotlík	Pružný kotlík	Rýhovaný kotlík
SPS	26	Který druh kotlíku je pojištěn vůči vypadnutí samosvorností?	B	Válcový kotlík	Kuželový kotlík	Pružný kotlík	Rýhovaný kotlík
SPS	27	Který druh kotlíku je pojištěn vůči vypadnutí správným uložením (nejčastěji 17/m6)?	A	Válcový kotlík	Kuželový kotlík	Pružný kotlík	Rýhovaný kotlík
SPS	28	Kterou z těchto spojovacích součástí nekontrolujeme primárně (pouze) na otlačení a střih?	A	Lícovaný šroub	Válcový kotlík	Dutý čep	Nýt s půlkulovou hlavou
SPS	29	Čepy jsou v otvorech spojovaných součástí uloženy …	A	s vůlí	s přesahem	přechodně	libovolně
SPS	30	Při použití které z těchto normalizovaných součástí (v souvislosti s pojištěním čepového spoje) není potřeba dělat v čepu drážku určitého tvaru?	A	Přidržka čepu	Třmenový kroužek	Vnější pojistný kroužek	Závlačka
SPS	31	Přímé nýtování za studena znamená, že se jedná o nýtování …	A	bez použití nýtu při běžné okolní teplotě	bez použití nýtu při teplotě pod bodem mrazu	s použitím nýtu při běžné okolní teplotě	s použitím nýtu při teplotě pod bodem mrazu
SPS	32	Po nýtování za tepla vzniká nýtový spoj …	B	pouze se silovým stykem	pouze s tvarovým stykem	s tvarovým i silovým stykem	pouze s materiálovým stykem
SPS	33	Který z uvedených parametrů nepatří mezi výhody nýtových spojů (oproti svarovým spojům)?	D	Lze spojovat různé materiály	Lze vytvářet spoje v hůře přístupných místech	Vysoká pružnost spoje	Těsnost spoje
SPS	34	Který z uvedených parametrů nepatří mezi nevýhody nýtových spojů (oproti svarovým spojům)?	D	Vysoká hlučnost při nýtování	Vyžadují spoustu přípravných prací	Zeslabení materiálu v místě spoje	Dochází k deformacím nahromaděním tepla
SPS	35	Pro které druhy kolíků je nutné vyrobit ve spojovaných součástech přesnou (vystřeženou) díru?	A	Pro válcové a kuželové kolíky	Pro kuželové a rýhované kolíky	Pro pružné a válcové kolíky	Pro pružné a rýhované kolíky
SPS	36	Co se nejpravděpodobněji nachází na obrázku?	B	Kotlík	Čep	Nýt	Hýbná hřídel
SPS	37	Jaký druh kolíku se nachází na obrázku?	C	Válcový	Rýhovaný	Pružný	Kuželový
SPS	38	Čím je nejvhodnější pojistit čep na obrázku? Předpokládejte, že se na čepu nebudou dělat žádné úpravy!	A	Pojistným kroužkem	Křídlovou maticí	Stavěcím šroubem	Přidržkou čepů
SPS	39	Jaký druh nýtu se nachází na obrázku?	D	Rozklepávací sešívací	Plný s půlkulovou hlavou	Dvoudílný uzavřený	Dutý trhací
SPS	40	Jakou součástí z uvedených nelze zajistit tento čep na obrázku? Předpokládejte, že se na čepu nebudou dělat žádné úpravy!	D	Vnitřním pojistným kroužkem	Stavěcím šroubem	Třmenovým kroužkem	Závlačka
SPS	41	Který z těchto spojů se neřadí (ani částečně) mezi spoje s tvarovým stykem?	D	Neokrouhlý spoj	Klínový spoj	Drážkový spoj	Tlakový spoj
SPS	42	Který z těchto spojů se neřadí mezi spoje nerozebíratelné?	C	Svarový spoj	Tlakový spoj	Svěrný spoj	Pájený spoj
SPS	43	Jaká spojovací součást se používá pro vznik svěrného spoje?	A	Šroub	Kotlík	Pero	Čep
SPS	44	Šířka drážky v náboji i hřídeli pro těsné pero dle normy ČSN 02 2562 musí být vyrobena přesně. Jaké parametry z hlediska rozměru a drsnosti se na její boky předepisují?	A	Šířka drážky je vždy v toleranci P9 a na bokách drážek je drsnost Ra 3,2	Šířka drážky je vždy v toleranci P9 a na bokách drážek je drsnost Ra 1,3	Šířka drážky je vždy v toleranci H9 a na bokách drážek je drsnost Ra 3,2	Šířka drážky je vždy v toleranci H9 a na bokách drážek je drsnost Ra 1,3
SPS	45	Který druh pera se používá pro spojení hřídele s nábojem, pokud požadujeme častý axiální posuv náboje po hřídeli?	B	Těsné pero	Výměnné pero	Woodruffovo pero	Kotoučové pero
SPS	46	Které pero mezi ostatní logicky nepatří?	B	Výměnné pero	Kotoučové pero	Úsečové pero	Woodruffovo pero
SPS	47	U kterých druhů per je nutné pojistit náboj vůči hřídeli v axiálním směru?	C	Pouze u spojení těsným perem	Pouze u spojení woodruffovým perem	U všech kromě výměnného pera	U všech kromě woodruffova pera
SPS	48	Při použití kterého druhu pera je nejméně zeslaben průřez hřídele (vzhledem k její pevnosti)?	A	Při použití těsného pera	Při použití výměnného pera	Při použití woodruffova pera	Při použití úsečového pera
SPS	49	Na který z těchto druhů namáhání obvykle (pouze) kontrolujeme normalizovaná těsná pera?	C	Otlačení mezi hřídelem a perem	Otlačení mezi nábojem a perem	Střih pera	Střih hřídele
SPS	50	Které z těchto spojení dokáže (při zachování podobných rozměrů) přenést největší krouticí moment?	D	Spojení se dvěma těsnými pery	Spojení s rovnoběžným drážkováním	Spojení s jedním ploským klínem	Svěrný spoj s rozříznutým nábojem
SPS	51	Který druh drážkování je nejvíce podobný teoretickému použití spojení s několika těsnými pery?	A	Rovnoboké drážkování	Evolventní drážkování	Jemné drážkování	Woodruffovo drážkování
SPS	52	U kterého z těchto druhů spojení hřídele s nábojem s tvarovým stykem není nutné pojišťovat náboj v axiálním směru?	D	U spojení těsným perem	U spojení neokrouhlým spojením	U spojení jemným drážkováním	U spojení ploským klínem
SPS	53	U spojení kterým druhem klínu není potřeba dělat tvarové změny na hřídeli při výrobě?	B	Při spojení pomocí třecího klínu	Pří spojení pomocí ploského klínu	Při spojení pomocí drážkového klínu	Pří spojení pomocí tangenciálního klínu
SPS	54	Co je jednou ze základních výhod svěrných (a rozpěrných) spojů oproti ostatním druhům spojení hřídele s nábojem?	B	Přenášení největších kroutících momentů	Jsou výrobně nejjednodušší	Náboj Ize na hřídel namontovat v libovolné poloze	Dochází u nich částečně i k tvarovému styku
SPS	55	Tlakový spoj vytvořený lisováním za studena vznikne tak, že ...	A	se hřídel silou (pomocí lisu) vtlačí do díry v náboji za běžné okolní teploty.	se hřídel silou (pomocí lisu) vtlačí do díry v náboji za teploty pod bodem mrazu.	se hřídel zchladí a vloží se volně do díry v náboji.	se náboj zchladí a vloží se volně do díry v hřídeli.
SPS	56	Jaká součást je na obrázku?	C	Pero	Čep	Klín	Kolík
SPS	57	Jakou hlavu by měl mít šroub, který se vkládá do otvoru v součásti na obrázku?	C	Šestihrannou	Kuželovou	Čočkovitou	Válcovou
SPS	58	Pro jakou součást je vytvořena drážka v hřídeli na obrázku?	A	Pro Woodruffovo pero	Pro ploský klín	Pro těsné pero	Pro drážkový klín
SPS	59	Co je na obrázku?	A	Pomůcka pro vytvoření tlakového spoje za studena	Upínací pouzdro pro přenos kroutícího momentu silovým stykem	Celek s evolventním drážkováním pro přenos momentu tvarovým stykem	Tangenciální klín
SPS	60	Součást na obrázku má uvnitř v otvoru vyrobeno	B	vnitřní ozubení.	rovnoboké drážkování.	jemné drážkování.	neokrouhlé spojení.
SPS	61	Která z těchto hřídelí nepřenáší kroutící moment?	A	Nosná hřídel	Hybná hřídel	Kliková hřídel	Předlohová hřídel
SPS	62	V jakém provedení se konstruují hybné hřídele?	A	Vždy otočně	Vždy nepohyblivě	Otočně i nepohyblivě	Nezáleží na konstrukci
SPS	63	Na jaký druh namáhání primárně kontrolujeme nosné hřídele?	A	Ohyb	Střih (smyk)	Vzpěr	Krut
SPS	64	Které tvrzení o hřídelových čepech NENÍ pravdivé?	D	Jsou to části hřídele, které jsou ve styku s ložiskem.	Přenášejí všechny síly mezi hřídelí a rámem stroje nebo ložiskem.	Dělíme je na axiální, radiální a kombinované.	Jsou vždy kontrolovány na ohyb i krut.
SPS	65	Který z těchto hřídelových čepů NENÍ určen k zachycení síly rovnoběžné s osou hřídele?	C	Krční	Hřebenový	Kulový	Kuželový
SPS	66	Který z těchto hřídelových čepů NENÍ určen k zachycení síly kolmé k ose hřídele?	A	Krční	Hřebenový	Kulový	Kuželový
SPS	67	Na jaký druh namáhání kontrolujeme axiální hřídelové čepy?	B	Ohyb	Otlačení	Krut	Střih (smyk)
SPS	68	Který z těchto hřídelových čepů NEPOTŘEBUJE nutně dělený náboj?	C	Krční	Hřebenový	Kulový	Kuželový
SPS	69	Co se rozumí pojmem "kritické otáčky" hřídele?	C	Jsou to maximální otáčky hřídele při větších otáčkách hřídel nemůže pracovat.	Jsou to minimální otáčky hřídele při menších otáčkách hřídel nemůže pracovat.	Jsou to otáčky, při kterých hřídel nemůže pracovat musí pracovat bud' v nižších nebo vyšších otáčkách.	Jsou to otáčky, při kterých nedochází ke kmitání hřídele způsobené vlastní tíhou.
SPS	70	Na kterém parametru primárně závisí velikost "kritických otáček" hřídele?	B	Průhyb hřídele způsobený vlastní tíhou.	Druh ložisek, ve kterých je hřídel uložena.	Funkce hřídele zda je nosná nebo hybná.	Počet konstrukčních vrubů na hřídeli.
SPS	71	Co způsobuje každý tzv. konstrukční vrub na hřídeli?	A	Zvýšenou koncentraci napětí	Změnu způsobu namáhání hřídele	Lepší drsnost povrchu	Zvýšení ohybového momentu
SPS	72	Který z uvedených prvků hřídele NENÍ konstrukčním vrubem?	B	Drážka pro pero	Hřídelový čep	Zápich	Jemný závit pro KM matici
SPS	73	Který z těchto parametrů NENÍ potřebný k výpočtu velikosti přenášeného kroutícího momentu na hřídeli?	D	Přenášený výkon	Otáčky hřídele	Ludolfovo číslo	Modul průřezu v krutu
SPS	74	Na čem NEZÁVISÍ volba materiálu hřídele?	D	Na způsobu a velikosti zatížení	Na požadované hmotnosti	Na požadovaném tepelném zpracování	Na druhu ložisek na hřídeli
SPS	75	Který vzorec byste použili pro výpočet redukovaného momentu na hybné hřídeli (kruhového průřezu)?	C	M_RED = √(M_O² + 3·M_K²)	M_RED = √(M_O² + 4·M_K²)	M_RED = √(M_O² + 0,75·M_K²)	M_RED = √(M_O² + M_K²)
SPS	76	Na obrázku je schéma (řez) jednostupňové převodovky. Jaký způsobem je namáhána výstupní hřídel v (červeně) označeném místě?	C	Pouze na ohyb	Pouze na krut	Na ohyb i krut	Hřídel v tomto místě není namáhána
SPS	77	Jaký druh hřídele je na obrázku?	B	Nosná	Kliková	Vačková	Na obrázku není hřídel
SPS	78	K čemu je vyrobena (šipkou) označená drážka na vyobrazené hřídeli?	C	Pro těsné pero	Pro ploský klín	Pro MB podložku	Pro pojistný kroužek
SPS	79	Na obrázku se nachází Kardanová hřídel. O jaký druh hřídele se tedy jedná?	B	Nosnou	Hybnou	Klikovou	Vyvažovací
SPS	80	Na obrázku se nachází průřez jednostupňovou šnekovou převodovkou. Vstupní (modrá) hřídel je v místech A a C uložena v ložiscích, uprostřed mezi ložisky (místo B) se nachází šnek (který je v záběru se šnekovým kolem nad ním) a v místě D je vstupní válcový konec (pro připojení k pohonu). Mezi jakými dvěma místy na této hřídeli působí kroutící moment?	D	Mezi A a C	Mezi A a D	Mezi B a C	Mezi B a D
SPS	81	Jak se nazývá druh svaru, u kterého svařované součásti leží (plochou) na sobě svar je mezi těmito plochami?	D	Tupý svar	Lemový svar	Koutový svar	Přeplátovaný svar
SPS	82	Do které kategorie svarů lze zařadit svar tvaru "U"?	A	Tupé svary	Lemové svary	Koutové svary	Přeplátované svary
SPS	83	Který z uvedených materiálů je nejhůře svařitelný (resp. obvykle nesvařitelný)?	D	Oceli	Neželezné kovy	Plasty	Litiny
SPS	84	Co nepatří mezi výhody svařování?	D	Vysoká produktivita vytváření spojů	Malá hlučnost v průběhu práce	Těsnost vytvořeného spoje	Poddajnost vytvořeného spoje bez pnutí
SPS	85	Pro který z uvedených svarů obvykle není potřeba přídavný materiál?	C	Děrový svar	Rohový svar	Lemový svar	Svar tvaru "V"
SPS	86	Čemu se nejvíce podobá značka pro označení montážního svaru?	B	Kružnici	Praporku	Písmenu "Z"	Pravoúhlému trojúhelníku
SPS	87	Jaký druh tepelného zpracování se provádí u svařenců za účelem snížení vnitřního pnutí?	A	Žíhání	Kalení	Popouštění	Zušlechtování
SPS	88	Kterou z uvedených zásad NENÍ vhodné dodržet při konstruování velkého složitého svařence se žebry?	D	Přesné rozměry svařence obrábět až po svaření	Na výkrese předepsat vhodné tepelné zpracování pro snížení pnutí po svaření	U žeber nepoužívat ostré hrany	Na výkrese předepisovat raději větší a delší svary bez přerušení
SPS	89	Na jaký druh namáhání kontrolujeme vždy přeplátované spoje?	B	Tah	Střih	Ohyb	Krut
SPS	90	Čím vzniká pájený spoj?	C	Adhezí	Kohezí	Difuzí	Natavením stykových ploch
SPS	91	Co je to "pájka"?	B	Přístroj pro tavení přídavného materiálu při pájení	Přídavný materiál pro vznik pájeného spoje	Nástroj pro přípravu stykových ploch pro pájení	Kyselina pro chemické očištění stykových ploch před pájením
SPS	92	Přídavné materiály pro pájení rozlišujeme na měkké a tvrdé. Který z uvedených materiálů by se dal zařadit do měkkých?	D	Měd'	Zinek	Stříbro	Cín
SPS	93	Co nepatří mezi výhody pájených spojů?	D	Možnost spojování i hůře tavitelných materiálů	Nedochází k tepelnému ovlivnění oblasti kolem spoje	Jednoduchost zařízení	Vysoká pevnost spojů
SPS	94	Co nepatří mezi výhody lepených spojů?	D	Lepidla mají izolační vlastnosti	Lze spojovat i jinými způsoby nespojitelné materiály	Nízká hmotnost přídavného materiálu	Stálost spoje i za vyšších teplot
SPS	95	Na co si nemusíte dát pozor při konstruování (navrhování) lepeného spoje?	D	Na maximální možnou velikost stykové plochy	Na skutečnost, aby byl spoj namáhaný pouze na střih	Na volbu vhodného lepidla	Na nízkou hmotnost lepidla
SPS	96	Jaký druh svaru je na obrázku?	D	Tupý	Lemový	Koutový	Přeplátovaný
SPS	97	Na výkrese se u svaru nachází následující značka. O jaký svar se nejedná?	D	Koutový	Vypouklý	Kontinuální (nepřerušovaný)	Montážní
SPS	98	Na výkrese se u svaru nachází následující značka. O jaký svar se jedná?	C	Přeplátovaný	Obvodový	Přerušovaný	Svar délky 111 mm
SPS	99	Dvě zobrazené součásti (hranaté trubky) jsou spojeny červeně vyobrazeným bodovým svarem a jsou namáhány zakreslenými silami. Jakým způsobem je svar namáhán?	B	Střihem (smykem)	Tahem	Tlakem	Ohybem
SPS	100	V rámci výroby vyobrazeného celku (žlutá deska a modrý váleček) je potřeba udělat tyto operace: 1- Svaření desky s válečkem 2- Obrobení čelních ploch 3- Výroba přesného rozměru s tolerancí H7 4- Výroba hrubého plného válečku s Ø40 Jaký je nejvhodnější postup při výrobě vyobrazeného celku?	A	4-1-2-3	4-2-3-1	4-3-2-1	4-3-1-2
SPS	101	Jak se nazývá součást potrubí, která slouží k vyrovnání změny délek potrubí v důsledku změny teploty?	C	Armatura	Třmen	Kompenzátor	Fitinka
SPS	102	Která z uvedených součástí potrubí se neřadí mezi armatury?	D	Součást sloužící k regulaci průtoku v potrubí	Součást sloužící k odvzdušněné potrubí	Součást sloužící k měření tlaku v potrubí	Součást sloužící ke změně směru proudění
SPS	103	Co znamená, když je na trubce napsáno "PN10"?	D	Znamená to, že maximální pracovní tlak je 10 MPa.	Znamená to, že maximální pracovní tlak je 1 MPa.	Znamená to, že maximální pracovní přetlak je 1 MPa.	Znamená to, že maximální pracovní přetlak je 10 MPa.
SPS	104	Co znamená, když je na trubce napsáno "DN400"?	A	Znamená to, že vnitřní průměr potrubí je přibližně 400 mm.	Znamená to, že vnější průměr potrubí je přibližně 400 mm.	Znamená to, že vnitřní průměr potrubí je přibližně 40 mm.	Znamená to, že vnější průměr potrubí je přibližně 40 mm.
SPS	105	Na kterém z uvedených parametrů nezávisí minimální tloušťka stěny potrubí?	D	Na průměru potrubí	Na materiálu potrubí	Na pracovním tlaku v potrubí	Na rychlosti proudění v potrubí
SPS	106	Jaký druh materiálu trubky je nejméně vhodný pro vedení odpadního potrubí?	A	Ocelové potrubí	Litinové potrubí	Plastové potrubí	Betonové potrubí
SPS	107	Co nepatří mezi výhody plastových potrubí?	C	Nízká hmotnost	Hladkost stěn	Vysoká pevnost	Jednoduché spojování
SPS	108	Ke kterému druhu spojení trubek jsou potřeba šrouby a matice jako spojovací materiály?	B	Hrdlové spojení	Přírubové spojení	Závitové spojení	Pájené spojení
SPS	109	Který druh spojení trubek lze nejlépe utěsnit pomocí Iněných vlasců nebo teflonových pásek?	C	Hrdlové spojení	Přírubové spojení	Závitové spojení	Pájené spojení
SPS	110	Na kterém z uvedených parametrů NEZÁVISÍ velikost prodloužení trubky při zvýšení její teploty?	A	Světlost trubky	Počáteční délka trubky	Materiál trubky	Rozdíl mezi počáteční a konečnou teplotou
SPS	111	Jak se nazývá prvek potrubí, který zajišťuje, aby dopravovaná látku proudila pouze v jednom směru?	A	Zpětná klapka	Pojistný ventil	Regulační šoupátko	Trojcestný kohout
SPS	112	Jak se nazývá prvek potrubí, kterým nelze regulovat velikost průtoku dopravované látky?	B	Škrticí klapka	Pojistný ventil	Regulační šoupátko	Přímý jednocestný kohout
SPS	113	Pro správnou funkci potrubí je třeba zajistit, aby ...	B	na začátku a na konci potrubí byl neustále rozdílný tlak.	byl tlak po celé délce potrubí konstantní.	... byl tlak dopravované látky v potrubí pokud možno nulový.	byla poloha jejího začátku vždy níže než jeho konce.
SPS	114	Co udává tzv. pracovní stupeň potrubí?	A	Maximální přetlak v potrubí v závislosti na teplotě přepravované látky	Maximální přetlak v potrubí v závislosti na světlosti potrubí	Maximální teplotu přepravovaného média v závislosti na tlaku v potrubí	Maximální teplotu přepravovaného média v závislosti na světlosti potrubí
SPS	115	Jaká je základní jednotka veličiny "objemový průtok"?	A	m²/s	m³/kg	$kg/m^{3}$	kg/s
SPS	116	Co zobrazuje tato schématická značka na potrubním schématu?	D	Hydromotor	Tlakoměr	Filtr	Kohout
SPS	117	Jaká součást je na obrázku?	B	Pojistné šoupátko	Škrticí klapka	Teplotní kompenzátor	Třícestný ventil
SPS	118	O jaké spojení trubek se jedná, pokud se několik takových trubek na obrázku spojí za sebe?	A	Hrdlové spojení	Přírubové spojení	Závitové spojeni	Gumové spojení
SPS	119	Jak se souhrnně nazývají součásti na obrázcích?	C	Armatury	Třmeny	Fitinky	Příruby
SPS	120	K čemu nelze použít součást na obrázku?	D	Ke snížení přenosu hluku a vibrací po potrubí	Ke kompenzaci teplotních dilatací potrubí	K vyrovnání montážních nepřesností	K regulaci tlaku v potrubí
SPS	121	Ozubené převody jsou	B	přímé převody se silovým stykem.	přímé převody s tvarovým stykem.	nepřímé převody se silovým stykem.	nepřímé převody s tvarovým stykem.
SPS	122	Co NEPATŘÍ mezi výhody ozubených převodů?	D	Přenos velkých výkonů	Stálý převodový poměr	Velmi dlouhá životnost	Tlumí rázy
SPS	123	Osy ozubených kol kuželového soukolí jsou navzájem	C	kolineární.	rovnoběžné.	různoběžné.	mimoběžné.
SPS	124	Jaký je poměr mezi velikostí průměrů základní ($D_{b}$) a roztečné ($D$) kružnice u běžného čelního ozubeného kola s vnějším ozubením?	A	$D_{b}<D$	$D_{b}>D$	$D_{b}=D$	Nelze jednoznačně rozhodnout záleží na modulu.
SPS	125	Který z těchto parametrů ozubeného čelního soukolí s vnějším ozubením NELZE spočítat pomocí modulu?	A	Osovou vzdálenost	Převodový poměr	Hlavovou vůli	Šířku ozubení
SPS	126	Které tvrzení NENÍ pravdivé o "základním profilu" evolventního ozubení?	A	Průměr roztečné kružnice se rovná nekonečnu.	Má rovné boky zubů.	Jeho tvar a parametry se používají při výrobě nástrojů k výrobě ozubených kol.	Výška hlavy zubu není rovna modulu ozubení (při úhlu záběru 20°).
SPS	127	Jak NELZE dosáhnout toho, aby nedošlo u čelního ozubeného kola s přímými zuby k podřezání jeho pały?	D	Změnou úhlu záběru	Změnou profilu boku zubu	Korekcí ozubení	Změnou modulu ozubení
SPS	128	Při kterém z těchto případů dojde k podřezání paty zubu čelního ozubeného kola s přímými zuby s úhlem záběru 20°?	C	Při výrobě ozubeného kola, které má 18 zubů.	Při výrobě ozubeného kola, které má 15 zubů.	Při běhu (provozu) ozubeného kola, které má 18 zubů.	Pří běhu (provozu) ozubeného kola, které má 15 zubů.
SPS	129	Který z těchto parametrů se změní, pokud při výrobě čelního ozubeného kola s přímými zuby použijeme korekci (v porovnání s tím, pokud bychom ji nepoužili)?	A	Úhel záběru	Šířka ozubení	Modul ozubení	Výška zubu
SPS	130	Která z těchto sil je u čelního ozubeného kola s přímými zuby při záběru nulová?	B	Tangenciální síla	Radiální síla	Axiální síla	Normálová síla
SPS	131	Jak NEJSOU namáhány zuby ozubených kol?	B	Na ohyb	Na krut	Na otlačení	Otěrem
SPS	132	Který parametr není důležitý při kontrole zubu ozubeného kola na ohyb?	D	Přenášený moment	Modul ozubení	Materiál ozubeného kola	Drsnost boku zubu
SPS	133	Co NEPATŘÍ mezi výhody čelních ozubených kol se šikmými zuby (v porovnání s přímými zuby)?	A	Tichý chod	Menší rozměry (moduly)	Přenos větších výkonů	Menší namáhání ložisek
SPS	134	Jaká je hlavní výhoda šnekových soukolí?	D	Velká účinnost	Přenos obrovských výkonů	Malé namáhání ložisek	Velké převodové poměry
SPS	135	Která z těchto sil je u kuželového ozubeného kola (úhel os 90°) při záběru nulová?	D	Tangenciální síla	Radiální síla	Axiální síla	Axiální, radiální i tangenciální jsou nenulové.
SPS	136	Čím vzniklo typické poškození ozubeného kola na obrázku?	A	Pittingem	Lomovým porušením	Gallingem	Abrazí
SPS	137	O jaký druh ozubeného soukolí na obrázku se jedná?	C	Čelní	Paloidní	Hypoidní	Šnekové
SPS	138	Jaký typ ozubeného kola je na obrázku?	D	Čelní ozubené kolo s přímými zuby	Kuželové ozubené kolo	Čelní ozubené kolo s šikmými zuby	Šnekové ozubené kolo
SPS	139	Na obrázku je nekorigované čelní ozubené kolo s deseti přímými zuby. Kterou kótu na obrázku nelze vypočítat pouze se znalostí hodnoty modulu a zmíněného počtu zubů?	B	A	B	C	D
SPS	140	Který ze zakótovaných průměrů ozubeného kola Ize nazvat jako patní?	C	A	B	C	D
SPS	141	Jaký druh tření vzniká v kluzných ložiscích?	B	Valivé tření	Smykové tření	Vláknové tření	Nevzniká v něm tření
SPS	142	Který druh tření v kluzných ložiscích má nejnižší součinitel smykového tření?	C	Suché	Polosuché	Kapalinné	Vlhké
SPS	143	Který druh tření v kluzných ložiscích lze použít pouze pro malé rychlosti pohybu?	A	Suché	Polosuché	Kapalinné	Vlhké
SPS	144	Které kluzné ložisko se NESKLÁDÁ z více částí?	A	Ložiskové pouzdro	Ložisková pánev	Segmentové ložisko	Pouzdro, pánev i segmentové ložisko se skládají z více částí
SPS	145	Který z těchto materiálů kluzných ložisek nejméně snáší rázy?	B	Ložiskové kompozice	Slitiny mědi	Slitiny hliníku	Šedá litina
SPS	146	Kluzná ložiska NEKONTROLUJEME na	D	otlačení.	oteplení.	maximální kluznou rychlost.	ohyb.
SPS	147	K čemu slouží u valivých ložisek klec?	A	Držení valivých elementů	Zabránění vniku nečistot do ložiska	Uložení ložiska na hřídeli	Uložení ložiska v náboji
SPS	148	Které ložisko se NEPOVAŽUJE za ložisko s "čarovým" stykem?	A	Kuličkové ložisko	Kuželíkové ložisko	Válečkové ložisko	Jehlové ložisko
SPS	149	Které z těchto ložisek NEDOKÁŽE zachytit axiální i radiální sílu dohromady?	D	Kuličkové ložisko s kosoúhlým stykem	Soudečkové ložisko	Kuželíkové ložisko	Jehlové ložisko
SPS	150	Které z těchto ložisek NEDOKÁŽE zachytit žádnou axiální sílu (bez ohledu na speciální konstrukce)?	B	Axiální kuličkové ložisko	Jednořadé soudečkové ložisko	Kuželíkové ložisko	Válečkové ložisko
SPS	151	Které z těchto ložisek je nejméně vhodné pro snášení velkých rázů?	C	Kuličkové ložisko	Kuželíkové ložisko	Jehlové ložisko	Válečkové ložisko
SPS	152	Jaký druh uložení se nejčastěji volí pro uložení valivého ložiska na hřídeli?	A	Uložení s vůlí	Přechodné uložení	Uložení s přesahem	Nezáleží na druhu uložení ložiska na hřídeli
SPS	153	Který parametr NENÍ potřebný pro výpočet trvanlivosti ložiska v hodinách?	B	Dynamická únosnost "C"	Dynamické ekvivalentní zatížení "P"	Otáčky hřídele "n"	Průměr hřídele "d"
SPS	154	Který parametr NEHRAJE zásadní roli při výběru typu valivého ložiska?	D	Poměr axiální a radiální síly působící na ložisko	Otáčky hřídele, na nichž jsou ložiska	Požadovaná trvanlivost ložiska	Způsob mazání valivého ložiska
SPS	155	Co je výhodou kluzných ložisek?	A	Teoreticky nepotřebují mazání	Dochází k minimálním ztrátám třením	Mají velmi jednoduchou konstrukci	Jejich výroba nemusí být přesná
SPS	156	K čemu slouží (šipkou) označená část na zobrazené ložiskové jednotce?	C	K uchycení ložiska ke hřídeli	Pro pojištění vnějšího kroužku ložiska na jednotku	K mazání ložiska	Pro zvýšení dynamické únosnosti ložiska
SPS	157	Pro jaké síly je vhodné ložisko na obrázku?	D	Velké radiální a malé axiální	Žádné radiální a velké axiální	Velké radiální a žádné axiální	Malé radiální a velké axiální
SPS	158	Která část a proč chybí válečkovému ložisku na obrázku?	A	Chybí vnitřní kroužek, protože je volně posuvný (oddělávací)	Chybí vnější kroužek, protože je ložisko nekompletní	Chybí klec, aby se válečky mohly přizpůsobit hřídeli	Chybí valivé elementy, aby se ložisko mohlo valit po vnějším kroužku
SPS	159	Jaký typ valivého ložiska je na obrázku?	D	Kuličkové	Válečkové	Jehlové	Soudečkové
SPS	160	Které tvrzení o ložisku na obrázku NENÍ pravdivé?	B	Jedná se o kluzné ložisko	Zvládne přenášet velké axiální zatížení	Dovoluje natočit vnitřní kroužek vůči vnějšímu	Dochází v něm ke smykovému (čepovému) tření
SPS	161	Jak NELZE vypočítat převodový poměr u řetězového převodu?	D	Jako poměr otáček obou řetězových kol	Jako poměr počtu zubů obou řetězových kol	Jako poměr roztečných průměrů obou řetězových kol	Jako poměr výkonů na obou řetězových kolech
SPS	162	Kuželový třecí převod je převod ...	D	se silovým stykem	s tvarovým stykem	s materiálovým stykem	se silovým i tvarovým stykem dohromady
SPS	163	Kterou z možností NELZE zajistit snížení prokluzu u třecích převodů?	C	Zvýšení přítlačné síly mezi oběma třecími koly	Změnou materiálu třecích kol	Zvýšením otáček třecích kol	Připevněním obtáčení ke třecím kolům
SPS	164	Přes jaké plochy se přenáší síly mezi řemenicemi a úzkým klínovým řemenem? Přenáší se přes ...	A	boky řemene	nárazník řemene	zuby řemene	výztužná vlákna řemene
SPS	165	Co je výhodou třecích převodů?	D	Malé namáhání ložisek	Přenos velkých výkonů	Stálý převodový poměr	Tlumí rázy
SPS	166	Řetězové převody jsou převody ...	D	nepřímé se silovým stykem	nepřímé s tvarovým stykem	přímé se silovým stykem	přímé s tvarovým stykem
SPS	167	Jaký je poměr obvodových rychlostí obou řemenic v řemenovém převodu při zanedbání prokluzu?	C	Hnací řemenice má větší obvodovou rychlost než hnaná	Hnací řemenice má menší obvodovou rychlost než hnaná	Hnací řemenice má stejnou obvodovou rychlost jako hnaná	Závislost nelze jednoznačně rozhodnout
SPS	168	Kam se umísťuje napínací kladka v řemenovém převodu?	A	Do ochablé části pásu a co nejblíže malé řemenice	Do ochablé části pásu a co nejblíže velké řemenice	Do napnuté části pásu a co nejblíže malé řemenice	Do napnuté části pásu a co nejblíže malé řemenice
SPS	169	Co NEPATŘÍ mezi výhody řemenových převodů s ozubenými řemeny?	B	Pracují bez skluzu	Namáhají méně ložiska	Mají tichý a klidný chod	Dobře snáší vysoké teploty
SPS	170	Co patří mezi výhody řemenových převodů s klínovými řemeny oproti třecím převodům?	D	Malé zatížení ložisek	Stálý převodový poměr	Není nutné řešit napínání	Velká vzdálenost os
SPS	171	Jaký druh „opásání“ se používá téměř výhradně u řetězových převodů?	A	Uzavřené	Otevřené	Zkřížené	Polozkřížené
SPS	172	Co NEPATŘÍ mezi výhody řetězových převodů?	D	Menší namáhání ložisek	Vysoká účinnost	Stálý převodový poměr	Nevyžaduje mazání
SPS	173	Který z uvedených řetězů NENÍ plně normalizovaný?	A	Článkový řetěz	Válečkový řetěz	Galiův řetěz	Zubový řetěz
SPS	174	Který z uvedených řetězů má nejmenší tření mezi ním a řetězovým kolem při běhu?	B	Pouzdrový řetěz	Válečkový řetěz	Galiův řetěz	Ewartův řetěz
SPS	175	Jak se jmenuje řetěz, který je snadno rozebíratelný vzájemným pootočením článků o 90° a vysunutím?	B	Pouzdrový řetěz	Ewartův řetěz	Galiův řetěz	Článkový řetěz
SPS	176	Jak se jmenuje řetěz na obrázku?	C	Fleyerův řetěz	Ewartův řetěz	Galiův řetěz	Energetický řetěz
SPS	177	Jaký druh řemenu je na obrázku?	A	Klínový řemen	Plochý řemen	Variátorový řemen	Ozubený řemen
SPS	178	Jaký druh soukolí je na obrázku?	C	Kuželové soukolí	Lícní soukolí	Čelní vnější soukolí	Šnekové soukolí
SPS	179	Pro jaký řemen je vhodná řemenice na obrázku?	D	Pro žádný – nejedná se o řemenici	Pro plochý řemen	Pro klínový řemen	Pro ozubený řemen
SPS	180	Jaký úhel opásání má hnaná řemenice na obrázku?	D	Do 90°	V rozmezí 90° až 180°	Přesně 180°	Větší než 180°
SPS	181	Jaká je hlavní funkce všech spojek?	A	Přenos krouticího momentu	Ochrana proti přetížení	Tlumení kmitů a rázů	Zajištění plynulého rozběhu
SPS	182	Jaká je základní vlastnost pevných (mechanických neovládaných) spojek?	A	Jsou jednoduché a levné	Umí kompenzovat výrobní nepřesnosti	Tlumí kmity a rázy	Zajišťují plynulý rozběh
SPS	183	Jaká je základní vlastnost vyrovnávacích (mechanických neovládaných) spojek?	B	Jsou jednoduché a levné	Umí kompenzovat výrobní nepřesnosti	Tlumí kmity a rázy	Zajišťují plynulý rozběh
SPS	184	Která z těchto výsuvných ovládaných spojek NEPŘENÁŠÍ krouticí moment pomocí silového styku?	D	Čelní třecí spojka	Kuželová třecí spojka	Lamelová třecí spojka	Zubová výsuvná spojka
SPS	185	Která z těchto spojek se řadí mezi ovládané spojky?	A	Korýtková spojka	Kloubová spojka	Spojka s pryžovou deskou	Spojka se střížným kolíkem
SPS	186	Která z těchto spojek se NEŘADÍ mezi ovládané spojky?	D	Volnoběžná spojka	Rozběhová spojka	Kuličková vysmekávací spojka	Přírubová spojka
SPS	187	Jaký obchodní název má spojka s pryžovou deskou?	B	BKN	HARDY	BIBI	PERIFLEX
SPS	188	Jakým způsobem (stykem) přenáší krouticí moment nejjednodušší trubková spojka?	A	Materiálovým stykem	Tvarovým stykem	Silovým stykem	Trubková spojka neexistuje
SPS	189	Jak se nazývají spojky, které dokážou přenášet krouticí moment pouze v jednom směru otáčení?	B	Rozběhové spojky	Volnoběžné spojky	Třecí spojky	Zubové spojky
SPS	190	Která spojka se používá pro vytvoření tzv. Kardanova závěsu, používaného typicky pro pohon vozidel?	A	Kloubová spojka	Korýtková spojka	Obručová spojka	Třecí spojka
SPS	191	Která z těchto brzd funguje primárně na principu vláknového tření?	B	Jednočelisťová brzda	Pásová brzda	Kotoučová brzda	Bubnová brzda
SPS	192	Která z těchto pásových brzd je nejvhodnější pro oba smysly otáčení?	D	Jednoduchá	Součtová	Rozdílová	Diferenciální
SPS	193	Která z těchto brzd NENAMÁHÁ brzděnou hřídel na ohyb?	C	Jednočelisťová brzda	Dvoučelisťová brzda	Kotoučová brzda	Pásová brzda
SPS	194	Na principu jakého jednoduchého stroje funguje jednočelisťová brzda?	A	Páka	Kladka	Klín	Nakloněná rovina
SPS	195	Která ze základních typů brzd je nejvíce samočinně chlazena vzduchem?	D	Jednočelisťová brzda	Pásová brzda	Kotoučová brzda	Bubnová brzda
SPS	196	Která ze základních typů brzd lze zařadit mezi axiální brzdy?	C	Jednočelisťová brzda	Pásová brzda	Kotoučová brzda	Bubnová brzda
SPS	197	Která z těchto informací obecně o brzdách NENÍ pravdivá?	A	Slouží k zajištění klidové polohy	Mění se (při jejich činnosti) potenciální energie na tepelnou	Brzdného účinku je dosaženo silovým stykem	Mechanické brzdy se dělí na radiální a axiální
SPS	198	Na kterém z těchto parametrů nezávisí velikost ovládací síly jednočelisťové brzdy?	C	Materiál brzdového obložení	Rozměry ovládací páky	Rozměry brzděného kotouče	Úhel opásání čelisti
SPS	199	Lamelové brzdy jsou konstrukčně podobné ...	A	spojkám	ozubeným kolům	pružinám	ložiskům
SPS	200	Jaká síla vždy působí proti síle třecí při brzdění?	B	Obvodová síla	Normálová síla	Ovládací síla	Gravitační síla
SPS	201	Hydrostatické mechanismy se řadí mezi mechanismy	C	kinematické.	pneumatické.	tekutinové.	ozubené.
SPS	202	Co NEPATŘÍ mezi výhody hydrostatických mechanismů?	C	Přenos energie na velké vzdálenosti	Velká životnost	Vysoká účinnost	Snadná regulace
SPS	203	Který prvek NENÍ součástí hydrostatického mechanismu?	D	Nádrž	Čerpadlo	Hydromotor	Vzdušník
SPS	204	Který druh energie má zcela zanedbatelnou hodnotu při přenosu sil v hydrostatickém mechanismu?	B	Potenciální	Kinetická	Tlaková	Potenciální, kinetická ani tlaková energie nemá zanedbatelnou hodnotu
SPS	205	Jaký účel má v hydrostatickém mechanismu hydrogenerátor?	A	Mění energii mechanickou na tlakovou	Mění energii mechanickou na potenciální	Mění energii tlakovou na mechanickou	Mění energii tlakovou na potenciální
SPS	206	Které z těchto druhů čerpadel má nejmenší tlakové pulzace kapaliny na výstupu?	D	Zubové čerpadlo	Lamelové čerpadlo s tlakově nevyváženým rotorem	Jednořadé jednočinné pístové čerpadlo	Šroubové čerpadlo
SPS	207	Které z těchto druhů čerpadel je konstrukčně nejjednodušší?	A	Zubové čerpadlo	Lamelové čerpadlo	Axiální pístové čerpadlo	Radiální pístové čerpadlo
SPS	208	Ve kterém z těchto čerpadel Ize nalézt klikový mechanismus?	C	Zubové čerpadlo	Šroubové čerpadlo	Řadové pístové čerpadlo	Lamelové čerpadlo
SPS	209	Které z těchto druhů čerpadel Ize regulovat změnou excentricity rotoru vůči statoru?	B	Řadové pístové čerpadlo	Lamelové čerpadlo	Šroubové čerpadlo	Axiální pístové čerpadlo
SPS	210	Které z těchto druhů čerpadel Ize regulovat naklopením desky ovládající pohyb pístů?	D	Řadové pístové čerpadlo	Lamelové čerpadlo	Radiální pístové čerpadlo	Axiální pístové čerpadlo
SPS	211	Jaký základní tvar má značka pro čerpadlo v normalizovaných hydraulických schématech?	A	Kružnice	Čtverec	Obdélník	Šestiúhelník
SPS	212	V normalizovaných hydraulických schématech se elektrický motor značí písmenkem M, kolem něhož je...	A	kružnice.	čtverec.	obdélník.	trojúhelník.
SPS	213	Která z možností nevyjadřuje funkci nádrže v hydrostatických mechanismech?	B	Zásobování (uchování) pracovní kapaliny	Akumulace tlakové energie pracovní kapaliny	Zachycení nečistot v pracovní kapalině	Chlazení pracovní kapaliny
SPS	214	K čemu slouží v hydrostatickém mechanismu pojistný ventil?	A	K řízení velikosti tlaku v obvodu	K řízení velikosti průtoku pracovní kapaliny v obvodu	K řízení směru toku pracovní kapaliny v obvodu	K akumulaci energie
SPS	215	K čemu slouží v hydrostatickém mechanismu škrtící ventil?	B	K řízení velikosti tlaku v obvodu	K řízení velikosti průtoku pracovní kapaliny v obvodu	K řízení směru toku pracovní kapaliny v obvodu	K akumulaci energie
SPS	216	Celek na obrázku Ize nejlépe použít jako	D	jednočinný hydrogenerátor.	dvojčinný hydrogenerátor.	jednočinný hydromotor.	dvojčinný hydromotor.
SPS	217	Jaký celek je na obrázku?	D	jednočinný hydrogenerátor.	dvojčinný hydrogenerátor.	jednočinný hydromotor.	dvojčinný hydromotor.
SPS	218	Který prvek hydraulického systému má schématickou značku na obrázku?	A	Zpětný ventil	Kulový kohout	Škrtící klapka	Dvoucestný rozvaděč
SPS	219	Jaký druh hydrogenerátoru je na obrázku?	B	Radiální pístový	Axiální pístový	Rotační vřetenový	Rotační lamelový
SPS	220	Jakou funkci má prvek na obrázku v hydrostatickém systému?	D	Zvyšování potenciální energie kapaliny	Snižování kinetické energie kapaliny	Hromadění tlakové energie kapaliny	Regulace velikosti průtoku kapaliny
SPS	221	Který z uvedených druhů dopravníků se NEŘADÍ mezi dopravníky s tažným elementem?	D	Pásový dopravník	Korečkový dopravník	Podvěsný dopravník	Šnekový dopravník
SPS	222	Který z uvedených druhů dopravníků se řadí mezi dopravníky s tažným elementem?	A	Eskalátor	Válečková trať	Vibrační dopravník	Šnekový dopravník
SPS	223	Který z uvedených druhů dopravníků se jinak nazývá "elevátor"?	B	Pohyblivé schodiště	Korečkový dopravník	Článkový dopravník	Hřeblový dopravník
SPS	224	Který převod principiálně pohání pásový dopravník?	C	Řemenový převod	Řetězový převod	Třecí převod	Ozubený převod
SPS	225	K jakému druhu dopravy primárně není určen pásový dopravník?	C	Ke kontinuální dopravě	K horizontální dopravě	K vertikální dopravě	K šikmé dopravě
SPS	226	Kterým z těchto způsobů NELZE zvýšit dopravované množství materiálu pásovým dopravníkem?	D	Zvětšením ložné šířky pásu	Víceválečkovou stolicí	Zrychlením pohybu pásu	Prodloužením délky pásu
SPS	227	Který buben u šikmého pásového dopravníku (doprava materiálu směrem nahoru) bude hnací?	A	Vždy ten výše položený	Vždy ten níže položený	Oba musí být hnací	Nezáleží na tom, který bude hnací
SPS	228	Který druh válečků pod pásem NENALEZNEME u pásového dopravníku?	D	Vodící válečky	Napínací válečky	Podpůrné válečky	Hnací válečky
SPS	229	Při výpočtu výkonu motoru pro pásový dopravník NENÍ nutné uvažovat ...	D	třecí síly.	setrvačné síly.	gravitační síly.	elektromagnetické síly.
SPS	230	K jakému druhu dopravy je primárně určen korečkový dopravník?	C	K přerušované dopravě	K horizontální dopravě	K vertikální dopravě	K osobní dopravě
SPS	231	Který z uvedených druhů dopravníků NENÍ vhodný pro přepravu sypkého materiálu?	A	Článkový dopravník	Korečkový dopravník	Redler	Hřeblový dopravník
SPS	232	Který z uvedených druhů dopravníků je NEJMÉNĚ vhodný pro přepravu horkého materiálu?	B	Článkový dopravník	Pásový dopravník	Redler	Hřeblový dopravník
SPS	233	Lze hřeblovými dopravníky a redlery dopravovat materiál horizontálně, šikmo i vertikálně?	C	Ano, oběma je to možné.	Ne, není to možné ani u jednoho.	Lze to pouze redlery, jelikož mají uzavřenou konstrukci	Lze to pouze hřeblovými dopravníky, jelikož mají otevřenou konstrukci
SPS	234	Kterému dopravníku je nejblíže princip fungování pohyblivého schodiště?	B	Elevátoru	Článkovému dopravníku	Podvěsnému dopravníku	Pásovému dopravníku
SPS	235	U kterého z uvedených dopravníků by NEMOHLO být tažným elementem lano?	C	Vozíkový dopravník	Podvěsný dopravník	Pásový dopravník	Článkový dopravník
SPS	236	Na obrázku je běžný pásový dopravník zobrazený bez samotného pásu. K čemu slouží váleček označený červenou šipkou?	A	Pro podporu pásu ve vratné větvi	Pro zvýšení úhlu opásání pásu na hnacím bubnu	Pro napínání pásu po celé délce	Pro vedení pásu v tažné větví
SPS	237	Jaký typ dopravníku s tažným elementem je na obrázku?	B	Korečkový	Hřeblový	Podvěsný	Nejedná se o dopravník s tažným elementem
SPS	238	S jakým typem dopravníku nejpravděpodobněji souvisí tato součást?	A	S elevátorem	S redlerem	S eskalátorem	S válečkovou tratí
SPS	239	Pásový dopravník na obrázku má konstruktér v úmyslu umístit pod úhlem 20°. K jakému účelu slouží označená oblast a kde by měla být umístěna?	C	Jedná se napínání pásu, umístí se tudíž v nejvyšším možném místě	Jedná se o pohon pásu, umístí se tudíž v nejnižším možném místě	Jedná se napínání pásu, umístí se tudíž v nejnižším možném místě	Jedná se o pohon pásu, umístí se tudíž v nejvyšším možném místě
SPS	240	Jakým přízviskem by se dal nejlépe označit tento dopravník?	A	Článkový	Pásový	Podvěsný	Korečkový
SPS	241	Který z uvedených druhů dopravníků se NEŘADÍ mezi dopravníky bez tažného elementu?	A	Korečkový dopravník	Válečková trat'	Vibrační dopravník	Šnekový dopravník
SPS	242	Který z uvedených druhů dopravníků se řadí mezi dopravníky bez tažného elementu?	D	Elevátor	Pásový dopravník	Hřeblový dopravník	Šnekový dopravník
SPS	243	Kterým z těchto způsobů NELZE zvýšit dopravované množství materiálu šnekovým dopravníkem?	D	Zvýšením otáček šneku	Zvětšením průměru šneku	Zvětšením rozteče šnekovice	Snížením hustoty dopravovaného materiálu
SPS	244	Ke kterému z uvedených druhů dopravy primárně NESLOUŽÍ šnekový dopravník?	A	K horizontální dopravě	K vertikální dopravě	K šikmé dopravě	Ke kontinuální dopravě
SPS	245	Jak se nazývá křivka, která tvoří šnek šnekového dopravníku?	A	Šroubovice	Evolventa	Cykloida	Parabola
SPS	246	Lze naplnit dopravní žlab šnekového dopravníku na 100%?	C	Ano, zvýší se tím dopravní množství	Ano, ale jen u některých dopravovaných materiálů	Ne, došlo by k pěchování dopravovaného materiálu, a to je nežádoucí	Ano, ale pouze pokud je žlab uzavřený, aby nedocházelo k úniku přepravovaného materiálu mimo žlab
SPS	247	Který z těchto dopravníků bez tažného elementu nikdy nepotřebuje pro svoji funkci pohon?	B	Šnekový dopravník	Dopravní žlab	Válečková trať	Vibrační dopravník
SPS	248	Který z těchto dopravníků bez tažného elementu bude při pořízení pravděpodobně nejlevnější?	B	Šnekový dopravník	Dopravní žlab	Válečková trať	Vibrační dopravník
SPS	249	Co je základní podmínkou pro to, aby mohl být přepravován materiál v dopravním žlabu?	A	Dostatečný náklon dopravního žlabu, aby bylo překonáno smykové tření	Dostatečný náklon žlabu, aby byla překonána setrvačná síla	Dostatečný výkon motoru	Přepravovaný materiál musí mít při umístění do žlabu určitou počáteční rychlost
SPS	250	Jaký materiál Ize přepravovat pomocí válečkové tratě?	D	Jakýkoliv	Pouze sypké materiály	Pouze materiály v kapalném stavu	Pouze kusové materiály
SPS	251	Jak nemůže být přepravován materiál pomocí válečkové tratě?	D	Posouváním lidskou silou	Samočinně gravitací	Pomocí pohonu válečků	Překonáním setrvačné síly
SPS	252	Při rychlém pohybu vibračního dopravníku vzad (proti směru dopravy materiálu) je...	B	třecí síla větší než setrvačná.	setrvačná síla větší než třecí.	třecí síla větší než gravitační.	třecí síla nulová.
SPS	253	Při pomalém pohybu vibračního dopravníku vpřed (ve směru dopravy materiálu) je...	C	třecí síla větší než gravitační.	setrvačná síla větší než třecí.	setrvačná síla menší než gravitační.	třecí síla nulová.
SPS	254	U poháněné válečkové tratě musí být poháněn ...	C	každý váleček.	alespoň každý druhý váleček.	alespoň každý třetí váleček.	alespoň každý čtvrtý váleček.
SPS	255	U kterého z těchto dopravníků bez tažného elementu hraje nejmenší roli smykové tření?	D	Šnekový dopravník	Dopravní žlab	Válečková trat	Vibrační dopravník
SPS	256	Jaký druh dopravníku bez tažného elementu je na obrázku?	B	Nejedná se o dopravník bez tažného elementu, ale s tažným elementem	Vibrační	Válečkový	Šnekový
SPS	257	K dopravě jakého materiálu se nejlépe hodí šnekovice na obrázku?	C	Lepivého tekoucího materiálu	Drobného kusového materiálu	Hutnému sypkému materiálu	Hustému plynnému materiálu
SPS	258	K jakému účelu slouží zakroužkovaná část na obrázku tohoto šnekového dopravníku?	C	Jako vstup dopravovaného materiálu do dopravníku	Jako vstup potenciální energie do dopravníku	Jako převod požadovaných otáček šnekovice do dopravníku	Jako převod rotačního pohybu z motoru na posuvný pohyb šnekovice
SPS	259	Na obrázku je dopravník, u kterého lze upravit jeho celkovou délku. Jak Ize takový dopravník použít pro dopravu kusového materiálu?	C	Jakkoliv dlouhý, ale vždy musí být skloněný pod určitým úhlem, a proto má nastavovací nohy.	Musí být maximálně tak dlouhý, aby přepravované kusy nepropadly mezi dvěma sousedními válečky	Dlouhý maximálně tak, aby kusový materiál v jakémkoliv místě trasy ležel alespoň na třech válečcích	Dlouhý tak, aby přepravovaný materiál měl délku maximálně v délce rozteče dvou sousedních válečků
SPS	260	K jakému účelu je na tomto dopravníku umístěný označený motor s převodovkou?	B	Proto, aby roztočil válečky přes pomocný převod	Proto, aby roztočil jediný váleček zhruba uprostřed dopravníku	Proto, aby zajistil pohyb celého dopravníku při jeho přesouvání	Proto, aby došlo k vibracím dopravníku a díky nim se materiál pohyboval
SPS	261	Existuje případ, kdy může do klece výtahu se zakázanou dopravou osob vstoupit osoba?	A	Ne, v žádném případě	Ano, pokud se jedná o řidiče daného výtahu	Ano, ale pouze u některých druhů a pokud je to nutné k nakládání	Ano, ale pouze v případech daných zákonem, resp. ústavou ČR
SPS	262	Do které skupiny výtahů se podle normy řadí tzv. páternoster?	B	Výtahy pro dopravu osob	Výtahy se zakázanou dopravou osob	Nákladní výtahy	Je samostatnou skupinou výtahů
SPS	263	Jaký druh zdvihadla je výtahový stroj, který zvedá a spouští klec?	B	Zvedák	Kladkostroj	Navíjedlo	Visutá kočka
SPS	264	Jaký druh lan se nejčastěji používá jako zvedací prostředky u výtahů?	A	Protisměrně vinutá ocelová lana	Protisměrně vinutá konopná lana	Stejnosměrně vinutá ocelová lana	Stejnosměrně vinutá konopná lana
SPS	265	Jaký druh řetězů se nejčastěji používá jako zvedací prostředky u výtahů?	A	Gallův řetěz	Ewartův řetěz	Válečkový řetěz	Zubový řetěz
SPS	266	Na co je nutné dát pozor při konstrukci uchycení kabiny výtahu?	A	Počet lan držící výtahovou klec je dán normou a tíhu výtahové klece je nezbytné rozdělit rovnoměrně na všechna lana	Počet lan držící výtahovou klec je libovolný, ale tíhu výtahové klece je nezbytné rozdělit rovnoměrně na všechna lana	Počet lan držící výtahovou klec je libovolný a tíhu výtahové klece Ize rozdělit různě na všechna lana	Počet lan držící výtahovou klec je dán normou a tíhu výtahové klece lze rozdělit různě na všechna lana
SPS	267	Co musí být v prostoru výtahu vedeno?	C	Jen kabina (klec)	Jen protizávaží	Klec i protizávaží	Nemusí být vedena kabina ani protizávaží
SPS	268	Na jaký druh namáhání jsou namáhána lana?	A	Tah	Tlak	Krut	Ohyb
SPS	269	Jak se nazývá prostor, ve kterém se pohybuje kabina výtahu?	A	Šachta	Strojovna	Závěs	Mezanin
SPS	270	Jakou hmotnost musí mít protizávaží?	C	Stejnou jako kabina výtahu	Stejnou jako maximální nosnost kabiny výtahu	Jako součet hmotnosti kabiny a půlky maximální nosnosti kabiny	Jako součet maximální nosnosti a půlky hmotnosti kabiny výtahu
SPS	271	Na čem z uvedených NEZÁVISÍ volba výkonu elektromotoru pro pohon výtahu?	D	Na rychlosti pohybu kabiny výtahu	Na maximální nosnosti kabiny výtahu	Na tření ve výtahovém stroji (pohonném mechanismu)	Na výšce zdvihu kabiny výtahu
SPS	272	Co z uvedených NENÍ součástí výtahové šachty?	D	Nárazníky	Vodítka	Zachycovače	Armatury
SPS	273	Co NEPATŘÍ mezi nevýhody páternosteru?	D	Složitá konstrukce	Nízká bezpečnost	Malé dopravní rychlosti	Nízká přepravní kapacita
SPS	274	K čemu obvykle slouží páternoster?	A	Ke kontinuální přepravě osob	Ke kontinuální přepravě nákladů	K přetržité dopravě osob	K přetržité dopravě nákladů
SPS	275	Co NEPATŘÍ mezi výhody hydraulických výtahů?	D	Tichý chod	Plynulá jízda kabiny výtahu	Možnost různého umístění strojovny	Vysoké dopravní rychlosti
SPS	276	Co spojuje celek na obrázku u výtahů?	B	Kabinu s vodícími lištami	Kabinu s nosnými lany	Lana s pohonným bubnem	Lana s výtahovou šachtou
SPS	277	Jak se nazývá výtah, jehož zjednodušené schéma a reálná podoba je na obrázku?	A	Oběžný	Stolový	Výsypný	Hydraulický
SPS	278	Na obrázku je lano vhodné pro nesení výtahové klece. Jak se nazývá jeho část označená šipkou?	C	Pramen	Drát	Duše	Lanovice
SPS	279	Jak se nazývá zařízení výtahu na obrázku?	D	Vodítko	Závěs	Nárazník	Zachycovač
SPS	280	Jak se nazývá zařízení na obrázku v souvislosti s výtahy?	C	Omezovač	Protizávaží	Nárazník	Zachycovač
SPS	281	Co se rozumí pojmem "vyložení jeřábu"?	B	Maximální výška, do které lze břemeno jeřábem zvednout	Maximální vzdálenost mezi zvedaným břemenem a hlavní osou jeřábu	Maximální hmotnost břemene, kterou lze jeřábem zvednout	Maximální úhel, o který se může jeřáb s břemenem otočit
SPS	282	Co se rozumí pojmem "klopný moment"? Pozn.: V hranaté závorce je jednotka dané veličiny.	D	Síla [N], která se snaží při transportu břemene naklápět jeřáb	Okamžik [s], při kterém dojde k překlopení jeřábu	Vzdálenost [m], do které se nesmí břemeno dostat od místa zakotvení jeřábu	Moment [N.m], který vyjadřuje míru stability jeřábu
SPS	283	Do které z těchto kategorií lze zařadit mostový jeřáb	C	Věžové jeřáby	Mobilní jeřáby	Skladové jeřáby	Sloupové jeřáby
SPS	284	Čím se vyznačuje věžový jeřáb?	A	Nosná konstrukce je příhradová	Celková konstrukce má tvar brány	Nosnou konstrukcí je masivní otočný sloup	Jeřáb má velmi malé rozměry
SPS	285	Prolamovaný profil nosné konstrukce jeřábu vznikne tak, dojde k úpravě válcovaného ocelového profilu nejčastěji tvaru	B	U	I	L	T
SPS	286	Zdvihací ústrojí jeřábu je kombinací	C	kladkostroje a zvedáku.	zvedáku a navíjedla.	navíjedla a kladkostroje.	zvedáku a visuté kočky.
SPS	287	Který ze zmíněných parametrů NENÍ nutné zohlednit při návrhu elektromotoru pro zdvihací zařízení jeřábu?	B	Nosnost jeřábu	Hmotnost háku jeřábu	Rychlost zvedání břemene	Vyložení jeřábu
SPS	288	Na kterém z uvedených parametrů NEZÁVISÍ rychlost zdvihání břemene jeřábem?	D	Otáčky elektromotoru	Celkový převodový poměr zdvíhacího ústrojí	Průměr lanového bubnu	Vyložení jeřábu
SPS	289	Která z uvedených možností se NEPOUŽÍVÁ jako zdvíhací prostředek u jeřábů?	D	Textilní lana	Ocelová lana	Řetězy	Řemeny
SPS	290	Který z uvedených názvů NEOZNAČUJE název ocelového lana?	D	Seal	Warrington	Herkules	Henry
SPS	291	Který z uvedených typů řetězů se NEPOUŽÍVÁ u jeřábů jako zvedací prostředek?	D	Článkové řetězy	Fleyerovy řetězy	Gallovy řetězy	Pouzdrové řetězy
SPS	292	Který z nabízených uchopovacích prostředků drží transportované těleso pomocí smykového tření?	C	Dvojitý hák	Lamelový hák	Břemenové kleště	Elektromagnet
SPS	293	Na jaký druh namáhání (z nabízených možností) se kontrolují pojezdové kolejnice pro pojezd jeřábů?	B	Krut	Otlačení	Tah	Střih
SPS	294	Co NEPATŘÍ mezi výhody textilních lan jako zvedacích prostředků u jeřábů?	D	Nízká hmotnost	Tichý provoz	Pružnost	Odolnost vůči otěru
SPS	295	Jakým převodem je nejčastěji realizován mechanismus otáčení jeřábu kolem své osy?	C	Řetězovým	Řemenovým	Ozubeným	Třecím
SPS	296	Jaký typický druh jeřábu je na obrázku?	C	Věžový	Sloupový	Portálový	Mostový
SPS	297	Jakým způsobem je primárně namáhán označený profil (červenou šipkou) na obrázku při zvedání břemene tímto sloupovým jeřábem?	A	Na tah	Na ohyb	Na krut	Na střih
SPS	298	Jak se nazývá konstrukce, ze které je vyroben výložník tohoto jeřábu?	A	Prolamovaná	Příhradová	Pilířová	Převislá
SPS	299	Jakým slovem by se nejlépe dal označit prostředek na obrázku pro uchopování břemen jeřábů?	D	Drapák	Vidle	Hák	Kleště
SPS	300	Jak se nazývá (označené) červené zařízení na obrázku?	A	Kladkostroj	Navíjedlo	Výložník	Visutá kočka
SPS	301	Co je to pístové čerpadlo?	B	Hnací pístový stroj sloužící pro dopravu kapalin	Hnaný pístový stroj sloužící pro dopravu kapalin	Hnací pístový stroj sloužící pro dopravu plynů	Hnaný pístový stroj sloužící pro dopravu plynů
SPS	302	Kterému rovinnému obrazci se nejvíce podobá teoretický pracovní digram jednočinného pístového čerpadla?	A	Obdélníku	Kosodélníku	Lichoběžníku	Trojúhelníku
SPS	303	Následující informace popisují fázi sání u jednočinného pístového čerpadla. Která informace NENÍ pravdivá?	B	Píst se pohybuje z horní úvratě do dolní.	Zmenšuje se pracovní prostor čerpadla.	V pracovním prostoru čerpadla vzniká podtlak.	Sací ventil je otevřený a výtlačný uzavřený.
SPS	304	Následující informace popisují fázi výtlaku u jednočinného pístového čerpadla. Která informace NENÍ pravdivá?	C	Píst se pohybuje z dolní úvratě do horní.	Zmenšuje se pracovní prostor čerpadla.	V pracovním prostoru čerpadla vzniká podtlak.	Výtlačný ventil je otevřený a sací uzavřený.
SPS	305	Na kterém z uvedených parametrů NEZÁVISÍ výkon motoru pístového čerpadla?	D	Geodetická dopravní výška	Požadovaný objemový průtok	Druh čerpané kapaliny	Kompresní poměr mechanismu
SPS	306	Které z uvedených druhů čerpadel má nejméně rovnoměrný výtok čerpané kapaliny?	A	Jednočinné čerpadlo	Dvojčinné čerpadlo	Diferenciální čerpadlo	Křídlové čerpadlo
SPS	307	Které z uvedených druhů čerpadel má nejrovnoměrnější výtok čerpané kapaliny?	C	Jednočinné čerpadlo	Zdvižné čerpadlo	Diferenciální čerpadlo	Membránové čerpadlo
SPS	308	U kterého z uvedených druhů pístových čerpadel lze použít zkrácený klikový mechanismus?	A	Jednočinné čerpadlo	Dvojčinné čerpadlo	Diferenciální čerpadlo	Zdvižné čerpadlo
SPS	309	Jak se jmenuje součást pístových čerpadel, která pomáhá zmenšit pulzování tlaku v kapalině?	A	Vzdušník	Ventil	Píst	Křížák
SPS	310	U kterého z uvedených druhů pístových čerpadel NEDOCHÁZÍ k sání pouze při jednom pohybu pístu?	B	Jednočinné čerpadlo	Dvojčinné čerpadlo	Diferenciální čerpadlo	Zdvižné čerpadlo
SPS	311	U kterého z těchto druhů pístových čerpadel se nachází ventily přímo v pístu?	D	Jednočinné čerpadlo	Dvojčinné čerpadlo	Diferenciální čerpadlo	Zdvižné čerpadlo
SPS	312	U kterého z těchto druhů pístových čerpadel NEDOCHÁZÍ alespoň při jednom pohybu pístu zároveň k sání i výtlaku?	A	Jednočinné čerpadlo	Dvojčinné čerpadlo	Diferenciální čerpadlo	Zdvižné čerpadlo
SPS	313	Na kterém z těchto parametrů NEZÁVISÍ rychlost zavírání ventilů pístových čerpadel?	D	Otáčky motoru čerpadla	Výška zdvihu ventilu	Síla pružiny ventilu	Účinnost čerpadla
SPS	314	Jaký hydraulický prvek z uvedených je obvykle umístěn v sacím koši na počátku sacího potrubí čerpadla?	B	Redukční ventil	Zpětný ventil	Rozvaděč	Hydromotor
SPS	315	Jak se nazývá druh pístu pístových čerpadel válcového tvaru, který se vyznačuje tím, že je jeho délka větší než průměr?	C	Kotoučový píst	Trubkový píst	Plunžrový píst	Trojhranný píst
SPS	316	Na obrázku je (ideální) pracovní p-V diagram pístového čerpadla. Jak se nazývá fáze, která nastává z bodu 3 do bodu 4?	C	Izochorické sání	Izobarické sání	Izobarický výtlak	Izochorický výtlak
SPS	317	Na obrázku je (ideální) pracovní p-V diagram pístového čerpadla. Ve kterých dvou bodech diagramu se píst nachází v dolní úvrati?	B	1 a 2	2 a 3	3 a 4	1 a 4
SPS	318	Jaké typické pístové čerpadlo je na obrázku?	C	Diferenciální	Vačkové	Zdvižné	Křídlové
SPS	319	Na obrázku je obecné schéma čerpací soustavy. Jak velká je celková "manometrická" dopravní výška?	A	Přesně jako kóta "A"	Přesně jako kóta "C"	V rozmezí kót "A" a "C"	Větší než kóta "A"
SPS	320	Jak se nazývá součást související s pístovými čerpadly na obrázku?	A	Vzdušník	Křižák	Sací koš	Sací ventil
SPS	321	Co je to kompresor?	D	Hnací pístový stroj sloužící pro dopravu kapalin	Hnaný pístový stroj sloužící pro dopravu kapalin	Hnací pístový stroj sloužící pro dopravu plynů	Hnaný pístový stroj sloužící pro dopravu plynů
SPS	322	Následující informace popisují fázi komprese u pístového kompresoru. Která informace NENÍ pravdivá?	D	Píst se pohybuje z dolní úvratě do horní.	Sací i výtlačný ventil je uzavřený.	V pracovním prostoru vzniká přetlak.	Zvětšuje se pracovní prostor.
SPS	323	Následující informace popisují fázi expanze u pístového kompresoru. Která informace NENÍ pravdivá?	A	Píst se pohybuje z dolní úvratě do horní.	Sací i výtlačný ventil je uzavřený.	Fáze probíhá teoreticky podle adiabatického děje.	Zvětšuje se pracovní prostor.
SPS	324	Následující informace popisují fázi výtlaku u pístového kompresoru. Která informace NENÍ pravdivá?	B	Píst se pohybuje z dolní úvratě do horní.	Sací i výtlačný ventil je otevřený.	Fáze probíhá teoreticky podle izobarického děje.	Zmenšuje se pracovní prostor.
SPS	325	Následující informace popisují fázi sání u pístového kompresoru. Která informace NENÍ pravdivá?	C	Píst se pohybuje z horní úvratě do dolní.	Výtlačný ventil je uzavřený.	Fáze probíhá teoreticky podle izochorického děje.	Zvětšuje se pracovní prostor.
SPS	326	Co se rozumí pojmem "kompresní poměr"?	A	Podíl počátečního a konečného objemu plynu při jeho stlačování	Podíl počátečního a konečného tlaku plynu při jeho stlačování	Podíl počáteční a konečné teploty plynu při jeho stlačování	Podíl počáteční a konečné hustoty plynu při jeho stlačování
SPS	327	Čeho NELZE dosáhnout pomocí vícestupňové komprese?	A	Nižší teploty plynu na konci komprese	Vyšší objemové účinnosti kompresoru	Ušetření potřebné práce pro stlačování	Vysokého sacího tlaku do prvního stupně
SPS	328	Co je řazeno mezi jednotlivými stupni při vícestupňové kompresi?	A	Chladič	Dmychadlo	Vývěva	Expandér
SPS	329	Při vícestupňové kompresi: Jaké parametry bude mít plyn na vstupu do druhého stupně oproti výstupu z prvního stupně?	B	Bude mít stejnou teplotu, tlak i objem	Bude mít stejný objem, ale nižší teplotu a tlak	Bude mít nižší tlak, teplotu i objem	Bude mít vyšší tlak, teplotu i objem
SPS	330	Jak se nazývají ventily, které jsou nejčastěji používány u pístových kompresorů?	B	Membránové ventily	Destičkové ventily	Sedlové ventily	Talířové ventily
SPS	331	Kterým z těchto zařízení NELZE regulovat činnost kompresoru, resp. tlak a průtok plynu na výtlaku?	D	Vzdušníkem	Pojistným ventilem	Samotným kompresorem	Zpětným ventilem
SPS	332	Jak se nazývá zařízení, kterým se mění velikost škodlivého pracovního prostoru pístového kompresoru?	D	Reduktor	Reflektor	Reaktor	Restriktor
SPS	333	Kterou z těchto činností NELZE regulovat činnost pístového kompresoru?	D	Vhodným ovládáním sacího ventilu	Změnou otáček kompresoru	Přepouštěním vytlačovaného plynu do sání	Chlazením klikového mechanismu
SPS	334	Jakou funkci NEMÁ přívod oleje ke klikovému mechanismu pístového kompresoru?	D	Mazání kompresoru	Chlazení kompresoru	Odvod odrolených částí materiálů	Regulace chodu kompresoru
SPS	335	Jak se jmenuje "kompresor s rotačním pohybem pístu", který se často používá k přeplňování spalovacích motorů?	A	Rootsovo dmychadlo	Vodokružná vývěva	Spirálový kompresor	Kompresor s krouživým pohybem pístu
SPS	336	Na obrázku je teoretický pracovní p-V diagram pístového kompresoru. Jak se nazývá fáze, která nastává z bodu 2 do bodu 3?	A	Adiabatická komprese	Izochorická komprese	Adiabatická expanze	Izochorická expanze
SPS	337	Na obrázku je (tlustou černou čarou nakreslený) skutečný pracovní p-V diagram pístového kompresoru. Co se děje během červeně zakroužkované fáze?	D	Pracovní médium je v pracovním prostoru kompresoru a je stlačováno	Pracovní médium je v pracovním prostoru kompresoru a expanduje	Pracovní médium se dostává z pracovního prostoru kompresoru	Pracovní médium se dostává do pracovního prostoru kompresoru
SPS	338	Jak se jmenuje přístroj ke stlačování plynu na obrázku?	D	Pístový turbokompresor	Spirálový kompresor	Vodokružná vývěva	Rootsovo dmychadlo
SPS	339	Na obrázku je typický pístový kompresor. Jak se nazývá červená součást, která je jeho součástí?	C	Reaktor	Vývěva	Vzdušník	Boiler
SPS	340	Jak by se dala nejlépe pojmenovat součást související s pístovými kompresory na obrázku?	B	Píst kompresoru	Destičkový ventil	Reduktor tlaku	Hlava válce
SPS	341	Co je to zážehový spalovací motor?	A	Tepelný hnací pístový stroj	Tepelný hnaný pístový stroj	Tepelný hnací lopatkový stroj	Tepelný hnaný lopatkový stroj
SPS	342	Jak se nazývá zážehový spalovací motor, jehož píst koná rotační pohyb?	B	Stirlingův motor	Wankelův motor	Vznětový motor	Krokový motor
SPS	343	Během kolika otáček klikové hřídele proběhne jeden pracovní cyklus dvoudobého zážehového spalovacího motoru?	A	Během 1 otáčky klikové hřídele	Během 2 otáček klikové hřídele	Během 3 otáček klikové hřídele	Během 4 otáček klikové hřídele
SPS	344	Jak se jinak nazývá uspořádání válců "boxer" spalovacího motoru?	D	Řadové uspořádání	Vidlicové uspořádání	Hvězdicové uspořádání	Uspořádání s protiběžnými písty
SPS	345	Následující informace popisují fázi zážehu u čtyřdobého zážehového spalovacího motoru. Která informace NENÍ pravdivá?	A	K zážehu dochází samovznícením	K zážehu dochází, když je píst před horní úvratí	Zažehává se směs vzduchu s benzínem	Po zážehu prudce vzrůstá tlak ve válci
SPS	346	Jaká z následujících podmínek NEPLATÍ pro vytvoření ideálního (teoretického) pracovního diagramu zážehového spalovacího motoru?	A	Dochází k výměně obsahu válce	Přívod a odvod tepla nastává za konstantních podmínek	Termodynamické děje probíhají dle dějů ideálního plynu	Klikový mechanismus pracuje bez tření
SPS	347	Jaké je přibližně účinnost čtyřdobého zážehového spalovacího motoru?	B	0,1	0,3	0,5	0,7
SPS	348	Který z těchto parametrů NENÍ nutné měřit při určování "měrné spotřeby paliva" spalovacího motoru?	D	Hmotnost spotřebovaného paliva	Výkon spalovacího motoru	Doba běhu (práce) spalovacího motoru	Hustotu dodávaného paliva
SPS	349	Jak se nazývá mechanismus, který ovládá činnost ventilů spalovacího motoru?	A	Rozvodový mechanismus	Klikový mechanismus	Kulisový mechanismus	Šroubový mechanismus
SPS	350	Ve kterém technickém detailu z uvedených není podstatný rozdíl mezi dvoudobým a čtyřdobým zážehovým spalovacím motorem?	D	V rozvodovém mechanismu	V pracovním prostoru	V pracovním cyklu	Ve způsobu zapalování
SPS	351	Co NEPATŘÍ mezi nevýhody dvoudobých zážehových spalovacích motorů (oproti čtyřdobým zážehovým)?	A	Nižší výkon	Nižší účinnost	Vyšší spotřeba paliva	Vyšší emise
SPS	352	Jakou veličinu vyjadřuje plocha (obsah) ohraničená skutečným pracovním diagramem dvoudobého zážehového motoru?	C	Užitečnou práci motoru	Maximální výkon motoru	Skutečnou účinnost motoru	Měrnou spotřebu paliva
SPS	353	Pokud se palivo (benzín) dostává do sacího potrubí před škrtící klapkou pomocí přetlaku, pak hovoříme o	B	karburátoru	jednobodovém nepřímém vstřikování	vícebodovém nepřímém vstřikování	přímém vstřikování
SPS	354	Která součást z uvedených NENÍ součástí ventilového rozvodu OHC?	A	Rozvodová tyč	Vratná pružina	Vahadlo	Vačková hřídel
SPS	355	Během které fáze pracovního cyklu čtyřdobého zážehového spalovacího motoru koná motor práci?	A	Během expanze	Během sání	Během komprese	Během výfuku
SPS	356	Na obrázku je ideální pracovní p-V diagram zážehového motoru. Jak se nazývá fáze, která nastává z bodu 4 do bodu 1?	A	Izochorický odvod tepla	Adiabatická komprese	Adiabatická expanze	Izochorický přívod tepla
SPS	357	Na obrázku je skutečný pracovní p-V diagram dvoudobého zážehového motoru. Ve kterém z červeně označených bodů dochází k zážehu (vytvoření jiskry svíčkou)?	D	D	A	B	C
SPS	358	Jak se nazývá motor (uspořádání motoru), pokud jsou písty umístěny tak, jak je vidět na obrázku?	A	Boxer	Hvězdicový	Vidlicový	Wankelův
SPS	359	Jak se nazývá celek na obrázku?	A	Karburátor	Vahadlo	Setrvačník	Ojnice
SPS	360	Kterou písmennou zkratkou by se dal nejlépe označit rozvodový mechanismus motoru na obrázku?	D	DOHC	SV	OHV	SOHC
SPS	361	Během kolika otáček klikové hřídele proběhne jeden pracovní cyklus čtyřdobého vznětového spalovacího motoru?	A	Během 2 otáček klikové hřídele	Během 1 otáčky klikové hřídele	Během 3 otáček klikové hřídele	Během 4 otáček klikové hřídele
SPS	362	Co se nachází ve válci čtyřdobého vznětového motoru na začátku kompresní fáze?	A	Pouze vzduch	Pouze nafta	Pouze benzín	Směs paliva se vzduchem
SPS	363	Následující informace popisují fázi vstřiku paliva u čtyřdobého vznětového spalovacího motoru. Která informace NENÍ pravdivá?	D	K vstříknutí paliva dochází, když je píst přesně v horní úvrati	Palivo se vstřikuje do vzduchu o vysoké teplotě	Palivo se vstřikuje do silně stlačeného vzduchu	Po vstříknutí paliva postupně prudce vzrůstá tlak ve válci
SPS	364	Jaká z následujících podmínek platí pro vytvoření skutečného pracovního diagramu zážehového spalovacího motoru?	A	Kompresní a expanzní fáze probíhají podle polytropického děje	Zjišťuje se pomocí složitých výpočtů	Přívod a odvod tepla nastává za konstantních podmínek	Klikový mechanismus nepracuje s reálnými ztrátami
SPS	365	Jaké je přibližně maximální účinnost čtyřdobého vznětového spalovacího motoru?	C	0,2	0,3	0,4	0,5
SPS	366	Co NEPATŘÍ mezi výhody vznětových spalovacích motorů v porovnání s motory zážehovými?	A	Nižší hlučnost	Nižší spotřeba paliva	Vyšší účinnost	Vyšší efektivní výkon
SPS	367	Co rozumíme pojmem "kompresní poměr"?	A	Podíl mezi maximálním a minimálním objemem válce motoru	Podíl mezi maximálním a minimálním tlakem ve válci motoru	Podíl mezi množstvím vzduchu a paliva dopravovaného do válce motoru	Podíl mezi maximální a minimální teplotou ve válci motoru
SPS	368	Jaký děj ideálního plynu popisuje odvod tepla z pracovního prostoru motoru?	A	Izochorický děj	Izotermický děj	Izobarický děj	Adiabatický děj
SPS	369	Která součást z uvedených NENÍ součástí ventilového rozvodu SV?	D	Vahadlo	Vratná pružina	Vačková hřídel	Zdvihátko
SPS	370	Jaké jsou otáčky vačkové hřídele rozvodového mechanismu v porovnání s otáčkami klikové hřídele u čtyřdobého vznětového spalovacího motoru?	A	Kliková hřídel se otáčí dvakrát rychleji než vačková hřídel	Vačková hřídel se otáčí dvakrát rychleji než kliková hřídel	Vačková hřídel se otáčí stejně rychle jako kliková hřídel	Kliková hřídel se otáčí čtyřikrát rychleji než vačková hřídel
SPS	371	Co NEPATŘÍ (v porovnání s ostatními druhy) mezi nevýhody ventilového rozvodu s visutými ventily (OHV)?	A	Špatný tvar spalovacího prostoru	Velký počet součástí	Vyšší hlučnost	Nesprávné chování mechanismu při vyšších otáčkách motoru
SPS	372	Který z těchto parametrů NENÍ důležitý pro výpočet průměru pístu (hlavního rozměru klikového mechanismu spalovacího motoru)?	A	Teplota výfukových plynů	Efektivní výkon motoru	Tlak ve válci motoru	Způsob činnosti (dvoudobý nebo čtyřdobý)
SPS	373	Kam NEMŮŽE být vstříknuto palivo u vznětových spalovacích motorů?	A	Do sacího potrubí	Do spalovacího prostoru	Do speciálního prostoru vytvořeného v pístu	Do speciálního prostoru vytvořeného v hlavě válců
SPS	374	Co NEPATŘÍ mezi výhody nepřímého vstřikování u vznětových spalovacích motorů?	D	Vyšší účinnost motoru	Nižší vstřikovací tlaky	Menší nároky na jakost paliva	Tišší chod motoru
SPS	375	Kterou z těchto vad by NEZPŮSOBILO špatné chlazení spalovacích motorů?	D	Korozi kovových částí motoru	Nadměrné opotřebení pohyblivých součástí motoru	Nežádoucí spalování oleje	Změny tvaru funkčních součástí motoru
SPS	376	Na obrázku je ideální pracovní p-V diagram vznětového motoru. Jak se nazývá fáze, která nastává z bodu 5 do bodu 1?	A	Izobarický výfuk	Izotropické sání	Adiabatická komprese	Izochorická expanze
SPS	377	Na obrázku je skutečný pracovní p-V diagram čtyřdobého vznětového motoru. Ve kterém z červeně označených bodů dochází k zavření výfukového ventilu?	C	A	B	C	D
SPS	378	Z jakého motoru je píst na obrázku?	A	Z čtyřdobého vznětového motoru s přímým vstřikováním	Z dvoudobého zážehového motoru s přímým vstřikováním	Z čtyřdobého vznětového motoru s nepřímým vstřikováním	Z čtyřdobého zážehového motoru s nepřímým vstřikováním
SPS	379	K jakému účelu slouží u motoru tento celek?	A	K přeplňování	K chlazení	K mazání	K spalování
SPS	380	Jak se nazývá součást na obrázku?	A	Vstřikovač paliva	Katalyzátor výfukových plynů	Lambda sonda	Sací ventil
SPS	381	K jaké změně energie dochází v rotoru odstředivých čerpadel?	A	Mechanická energie se mění na kinetickou a tlakovou	Kinetická energie se mění na tlakovou	Mechanická energie se mění na potenciální	Tlaková energie se mění na kinetickou a mechanickou
SPS	382	Jak se mění energie kapaliny v difuzoru odstředivého čerpadla?	A	Zvyšuje se tlaková energie kapaliny, ale snižuje se její kinetická energie	Zvyšuje se kinetická a tlaková energie kapaliny	Zvyšuje se kinetická energie kapaliny, ale snižuje se její tlaková energie	Snižuje se kinetická i tlaková energie kapaliny
SPS	383	Co je to odstředivé čerpadlo?	A	Hnaný hydrodynamický lopatkový stroj	Hnací hydrodynamický lopatkový stroj	Hnaný hydrostatický pístový stroj	Hnací hydrostatický pístový stroj
SPS	384	Co NEPATŘÍ mezi výhody odstředivých čerpadel (oproti pístovým čerpadlům)?	A	Vyšší účinnost	Malý počet pohyblivých dílů	Menší celkové rozměry	Není vždy nutné pro jejich pohon použít převodovku
SPS	385	Jakým směrem vstupuje kapalina do rotoru všech odstředivých čerpadel?	A	Rovnoběžně s osou rotoru	Kolmo k ose rotoru	Šikmo k ose rotoru	Mimoběžně k ose rotoru
SPS	386	Jakým směrem vystupuje kapalina z rotoru radiálního odstředivého čerpadla?	A	Kolmo k ose rotoru	Rovnoběžně s osou rotoru	Šikmo k ose rotoru	Mimoběžně k ose rotoru
SPS	387	Jakou rychlost udává kapalině obvodová rychlost oběžného kola (rotoru)?	A	Unášivou rychlost	Relativní rychlost	Absolutní rychlost	Dynamickou rychlost
SPS	388	Které z těchto odstředivých čerpadel by se nejpravděpodobněji použilo pro velké průtoky při dopravě kapalin?	A	Axiální čerpadlo	Radiální čerpadlo	Diagonální čerpadlo	Vířivé čerpadlo
SPS	389	Proč má lopatka vrtulového kola směrem od středu vrtule (rotoru) stále menší sklon?	C	Kvůli zvětšující se obvodové rychlosti	Kvůli zvětšující se absolutní rychlosti	Kvůli zmenšující se obvodové rychlosti	Kvůli zmenšující se absolutní rychlosti
SPS	390	Jakou funkci má v konstrukci radiálního odstředivého čerpadla tzv. lucerna?	C	Spojuje hydraulickou a mechanickou část stroje	Spojuje hydraulickou a ucpávkovou část stroje	Spojuje mechanickou a ucpávkovou část stroje	Slouží k osvětlení čerpadla
SPS	391	Jaká je jednotka veličiny "měrná energie"?	A	J.kg⁻¹	J.kg	J.m⁻³	J.s⁻¹
SPS	392	Jaký počet lopatek má obvykle (nejčastěji) vrtulové kolo axiálního odstředivého čerpadla?	A	2 až 4	5 až 6	7 až 10	více než 10
SPS	393	Který z těchto parametrů je nejdůležitější pro to, do jaké výšky dané odstředivé čerpadlo dokáže čerpat kapalinu?	A	Měrná energie	Otáčky rotoru	Objemový průtok	Hydraulická účinnost
SPS	394	Jak se nazývá jev, při kterém v kapalině vzniklé vzduchové dutiny implodují (vyplňují se vodou), čímž dochází k rázům způsobující rozrušování materiálů různých částí odstředivých čerpadel?	A	Kavitace	Kapitace	Karence	Kadence
SPS	395	Který parametr NENÍ potřebný pro výpočet výkonu motoru odstředivého čerpadla?	A	Otáčky rotoru	Množství čerpané kapaliny	Hustota čerpané kapaliny	Měrná energie předávaná rotorem
SPS	396	Jak se nazývá součást na obrázku?	A	Vířidlo	Difuzor	Lucerna	Ucpávka
SPS	397	Z jakého typu odstředivého čerpadla je oběžné kolo na obrázku a jakým směrem se otáčí (z pohledu tohoto obrázku) při čerpání kapaliny?	A	Z radiálního čerpadla a točí se proti směru hodinových ručiček	Z radiálního čerpadla a točí se po směru hodinových ručiček	Z axiálního čerpadla a točí se po směru hodinových ručiček	Z axiálního čerpadla a točí se proti směru hodinových ručiček
SPS	398	Pro jaké průtoky a dodané (měrné) energie kapalině jsou nejvhodnější tato oběžná kola čerpadel?	A	Pro velké průtoky a malé měrné energie	Pro malé průtoky a malé měrné energie	Pro velké průtoky a velké měrné energie	Pro malé průtoky a velké měrné energie
SPS	399	Na obrázku jsou rychlostní trojúhelníky radiálního oběžného kola hydrodynamického čerpadla na vstupu kapaliny na lopatky (modrou barvou) a na výstupu kapaliny z lopatky (červenou barvou). Které dvě rychlosti by se daly nazvat jako "unášivé"?	C	c a "e"	b a "d"	a a "f"	Unášivé rychlosti se na obrázku nenachází
SPS	400	Na obrázku je čtvrtinový řez typického provedení radiálního hydrodynamického čerpadla. Co se nachází v zakroužkované oblasti?	D	Ucpávka	Unašeč	Ložisko	Difuzor
SPS	401	K jaké přeměně energie dochází ve vodních turbínách?	B	Z mechanické na kinetickou a tlakovou	Z kinetické a tlakové na mechanickou	Z kinetické a tlakové na potenciální	Z potenciální na kinetickou a tlakovou
SPS	402	Pokud má vodní dílo spád 40 m, pak se s největší pravděpodobností jedná o vodní dílo ...	A	... nízkotlaké.	středotlaké.	vysokotlaké.	přečerpávací.
SPS	403	K čemu ve vodních dílech slouží tzv. česlo?	D	Čistění vody	Zastavení průtoku	Odvod přebytečné vody	Demineralizace vody
SPS	404	Který druh vodní turbíny NENÍ vhodné použít v nízkotlakých vodních dílech?	C	Francisova turbína	Kaplanova turbína	Bánkiho turbína	Peltonova turbína
SPS	405	Které vodní dílo se v České republice nenachází?	D	Nízkotlaké vodní dílo	Středotlaké vodní dílo	Vysokotlaké vodní dílo	Přečerpávací vodní dílo
SPS	406	U kterého druhu vodního díla (vodní elektrárny) dochází ve výsledku ke ztrátě energie (a ne k jejímu získání)?	A	Nízkotlaké vodní dílo	Středotlaké vodní dílo	Vysokotlaké vodní dílo	Přečerpávací vodní dílo
SPS	407	Který druh turbíny je nejvíce vhodný pro všechny typy vodních děl?	C	Francisova turbína	Kaplanova turbína	Peltonova turbína.	Dériazova turbína
SPS	408	Který druh turbíny se neřadí mezi turbíny přetlakové?	A	Francisova turbína	Kaplanova turbína	Peltonova turbína	Dériazova turbína
SPS	409	Pouze jakou energii dokáže zpracovávat rovnotlaká vodní turbína?	C	Kinetická energie	Potenciální energie	Tlaková energie	Mechanická energie
SPS	410	Co se děje s tlakovou a kinetickou energií v trysce před rovnotlakou vodní turbínou?	A	Klesá tlaková i kinetická energie	Stoupá tlaková i kinetická energie	Kinetická energie stoupá a tlaková energie klesá	Tlaková energie stoupá a kinetická energie klesá
SPS	411	Jak se nazývá zařízení, které vypadá jako kuželové potrubí přeměňující kinetickou energii vody na její tlakovou energii, což zajišťuje odvod vody od turbíny?	B	Savka	Difuzor	Tryska	Stavidlo
SPS	412	Rotor které z uvedených turbín má obvykle nejmenší počet lopatek?	B	Francisova turbína	Kaplanova turbína	Peltonova turbína.	Dériazova turbína
SPS	413	Rotor které z uvedených turbín má natáčecí lopatky pro regulaci jejího chodu?	B	Francisova turbína	Kaplanova turbína	Peltonova turbína	Bánkiho turbína
SPS	414	Která z uvedených turbín má nejvyšší účinnost?	A	Francisova turbína	Kaplanova turbína	Peltonova turbína	Turbína Turgo
SPS	415	U které z těchto turbín se regulace neprovádí natočením lopatek (ať už těch na rotoru nebo stacionárních mimo rotor)?	B	Peltonova turbína	Kaplanova turbína	Dériazova turbína	Francisova turbína
SPS	416	Jaký typ vodního díla je nejpravděpodobněji na obrázku?	A	Nízkotlaké	Středotlaké	Vysokotlaké	Přečerpávací
SPS	417	K jaké turbíně patří součást na obrázku?	C	Peltonově	Francisově	Kaplanově	Dériazově
SPS	418	Rotor které turbíny je na obrázku?	D	Peltonové	Francisové	Kaplanové	Bánkiho
SPS	419	Na obrázku je Francisova turbína. K čemu slouží zařízení natřené oranžovou barvou?	D	K odvodu vody z turbíny	K nastavení polohy spirální skříně	K natáčení rotorových lopatek	K regulaci turbíny
SPS	420	Které barvě odpovídá oblast použití Peltonovy turbíny?	A	Červené	Modré	Zelené	Žluté
SPS	421	Co je to parní turbína?	A	Hnací lopatkový stroj	Hnaný lopatkový stroj	Hnací pístový stroj	Hnaný pístový stroj
SPS	422	K jaké přeměně energie dochází v parních turbínách?	C	Kinetická a tlaková energie se mění na mechanickou	Tepelná energie se mění na mechanickou	Mechanická energie se mění na kinetickou a tlakovou	Tepelná energie se mění na mechanickou
SPS	423	Ve kterém z uvedených zařízení se nepoužívá (ani nikdy nepoužívala) parní turbína?	A	Uhelná elektrárna	Jaderná elektrárna	Větrná elektrárna	Lodní motor
SPS	424	Jak se nazývá zařízení (část) parní turbíny, ve které dochází k přeměně tlakové energie na kinetickou?	C	Rozváděcí kolo	Oběžné kolo	Rotor turbíny	Kondenzátor
SPS	425	Které tvrzení o "rovnotlaké parní turbíně" NENÍ pravdivé?	B	Rotorem je (plná) hřídel s lopatkami	Statorové lopatky jsou vůči rotoru utěsněny labyrintovým těsněním	Je pro ni nejvhodnější vstup páry do turbíny po celém obvodu	Rotor turbíny bývá uložen v kluzných ložiscích
SPS	426	Které tvrzení o "přetlakové parní turbíně" NENÍ pravdivé?	B	Rotorem je buben (dutá hřídel) s lopatkami	Před lopatkou rotoru je menší tlak než za ní	Je pro ni nejvhodnější vstup páry do turbíny po celém obvodu	Součástí turbíny je tzv. Curtisův stupeň
SPS	427	Jaké otáčky mají (přibližně) rotory parních turbín provozované v ČR?	A	50 otáček za minutu	3000 otáček za minutu	1500 otáček za minutu	1800 otáček za minutu
SPS	428	K jaké přeměně energie dochází v tryskách parních turbín?	A	Tlaková energie se mění v kinetickou	Kinetická energie se mění v tlakovou	Kinetická energie se mění v mechanickou	Mechanická energie se mění kinetickou
SPS	429	Co se děje v rychlostí páry v prostoru mezi lopatkami rotoru rovnotlaké parní turbíny?	B	Klesá	Stoupá	Je konstantní	Nelze jednoznačně určit závisí to na otáčkách rotoru
SPS	430	Co se děje v rychlostí páry v prostoru mezi lopatkami statoru přetlakové parní turbíny?	A	Klesá	Stoupá	Je konstantní	Nelze jednoznačně určit závisí to na otáčkách rotoru
SPS	431	Jak se nazývá zařízení, které nemá spalovací komoru ani turbokompresor?	B	Expanzní turbína	Spalovací turbína	Plynová turbína	Výměníková turbína
SPS	432	Jak se nazývá druh turbíny, u které má spalovací komora zároveň funkci výměníku?	A	Spalovací turbína	Plynová turbína	Expanzní turbína	Výměníková turbína
SPS	433	Jak se nazývá druh turbíny, u které spaliny vzniklé hořením proudí přímo na lopatky rotoru?	D	Spalovací turbína	Plynová turbína	Expanzní turbína	Výměníková turbína
SPS	434	Kterou z uvedených částí obvykle neobsahuje otevřený okruh?	A	Kompresor	Čerpadlo	Turbína	Dmychadlo
SPS	435	Jaký smysl má umístění výměníku do okruhu spalovací turbíny?	D	Zvýšení účinnosti	Snížení výkonu	Zabránění zanášení	Zrychlení spouštění
SPS	436	Na obrázku je průběh tlaku a rychlosti páry v rovnotlaké parní turbíně. Která fáze (fialové označené svorkami) odpovídá průběhu mezi jejími statorovými lopatkami?	C	A	B	C	D
SPS	437	Na obrázku je průběh tlaku a rychlosti páry v přetlakové parní turbíně. Která fáze (fialové označené svorkami) odpovídá průběhu mezi jejími rotorovými lopatkami?	A	A	B	C	D
SPS	438	Jaká část a které parní turbíny se nachází na obrázku?	B	Rotor rovnotlaké parní turbíny	Stator rovnotlaké parní turbíny	Rotor přetlakové parní turbíny	Stator přetlakové parní turbíny
SPS	439	Pod kterým číslem na schématu přetlakové parní turbíny se nachází rovnotlaký stupeň?	A	1	2	3	5
SPS	440	Na obrázku je turbodmychadlo automobilu. O jaký okruh plynové turbíny se tedy jedná?	B	Otevřený okruh bez výměníku	Otevřený okruh s výměníkem	Uzavřený okruh bez výměníku	Uzavřený okruh s výměníkem
SPS	441	Proč je potřeba přidávat palivo do parního kotle?	A	Je to nosič chemické energie	Kvůli chlazení při spalování	Pro zlepšení hoření vzduchu	Je to nosič kinetické energie
SPS	442	Která složka nevstupuje do parního kotle?	D	Voda	Palivo	Vzduch	Vodní pára
SPS	443	Co vzniká hořením paliva se vzduchem?	B	Voda	Spaliny	Led	Vodní pára
SPS	444	Jakou teplotu má zhruba u současných parních generátorů vystupující vodní pára?	B	Kolem 250  °C	Kolem 550 °C	Kolem 850 °C	Kolem 1150  °C
SPS	445	Jaký tlak vodní páry se označuje jako "kritický"?	C	2,21 MPa	20,1 MPa	22,1 MPa	2,01 MPa
SPS	446	Do jakého tlaku přibližně se vodní pára používá k vytápění?	A	Do 0,15 MPa	Do 1,5 MPa	Do 11,5 MPa	Do 115 MPa
SPS	447	Které ze zmíněných paliv NELZE zařadit mezi tuhá paliva?	D	Hnědé uhlí	Dřevo	Biomasa	Mazut
SPS	448	Které ze zmíněných paliv NELZE zařadit mezi plynná paliva?	C	Zemní plyn	Propan butan	Biomasa	Bioplyn
SPS	449	Který druh kotle se vyznačuje velkou trubkou se zvlněným povrchem, ve které hoří palivo?	B	Plamencový kotel	Žárotrubný kotel	Vodotrubný kotel	Průtočný kotel
SPS	450	Který ze zmíněných kotlů má nejmenší účinnosť?	A	Plamencový kotel	Žárotrubný kotel	Vodotrubný kotel	Velkoprostorový kotel
SPS	451	Se kterým ze zmíněných kotlů lze dosáhnout největšího tlaku vystupující vodní páry?	D	Plamencový kotel	Žárotrubný kotel	Vodotrubný kotel	Průtočný kotel
SPS	452	Jak se jmenuje místo parního generátoru, ve kterém dochází k mísení paliva se vzduchem?	A	Ohniště	Komín	Výparník	Ohřívák
SPS	453	Jak se jmenuje místo parního generátoru, ve kterém dochází k přeměně vody na páru?	B	Kotlový buben	Vodotrubní	Ohniště	Komín
SPS	454	Které z těchto druhů ohnišť využívaných pro parní generátory neexistuje?	D	Roštové ohniště	Fluidní ohniště	Cyklonové ohniště	Prvkové ohniště
SPS	455	Co z uvedených NELZE zařadit do přípravy tuhého paliva před jeho použitím v parním generátoru?	D	Drcení (mletí) paliva	Sušení paliva	Skladování a podávání paliva	Odstruskování paliva
SPS	456	Schéma jakého základního typu parního kotle je na obrázku?	D	Válcový	Vodotrubný	Průtočný	Plamencový
SPS	457	Schéma jakého základního typu ohniště parních kotlů je na obrázku?	A	Roštové	Fluidní	Práškové	Cyklonové
SPS	458	Jak by se dal nejlépe nazvat celek (část parního kotle) na obrázku?	A	Přehřívák páry	Odlučovač popílku	Kotlový buben	Vzduchový chladič
SPS	459	Na obrázku je schéma vysokotlakého parního kotle s dvěma tahy. Jak se nazývá jeho část označená číslem 3 (umístěná na schématu vlevo nahoře)?	C	Tangenciální hořák	Přehřívák páry	Kotlový buben	Ohřívák vzduchu
SPS	460	K jakému účelu slouží strojní celek na obrázku v souvislosti s parními generátory?	D	K přípravě tuhého paliva	K ohřívání vzduchu před hořením	K oddělení vody od páry	K elektrostatickému odloučení popílku
SPS	461	Co je výhodou teplovodního vytápění?	D	Systém nepotřebuje expanzní nádobu	Krátká doba náběhu	Nehrozí nebezpečí zamrznutí	Bezpečný a jednoduchý provoz
SPS	462	Co nepatří mezi výhody parního vytápění?	D	Rychlý náběh topení	Nízké provozní náklady	Vysoký topný výkon	Nízká teplota otopných těles
SPS	463	Kde dochází v přeměně páry na vodu (kondenzaci) u parního vytápění?	B	V rozvodovém potrubí	V otopných tělesech	V expanzní nádobě	V parním kotli
SPS	464	Pokud je teplo pro celý objekt vyráběno v kotli umístěném například v jeho sklepě, pak se jedná o vytápění ...	C	... lokální.	... etážové.	... ústřední.	... dálkové.
SPS	465	U kterého druhu vytápění lze nejhůře regulovat teplotu z hlediska její rovnoměrnosti v objektu?	D	Lokální vytápění	Ústřední vytápění	Skupinové vytápění	Dálkové vytápění
SPS	466	Podle čeho se dimenzuje otopná soustava resp. výkon kotle?	A	Podle tepelných ztrát z objektu	Podle počtu místností objektu	Podle objemu vzduchu v objektu	Podle tvaru objektu
SPS	467	Jakou jednotku má veličina "tepelný tok"?	A	Watt	Joule	Kelvin	Newton
SPS	468	Co je to "konvektor"?	A	Otopné těleso	Expanzní nádoba	Teplovodní kotel	Rozvodné potrubí
SPS	469	Teplovodní otopná soustava je vybavena otevřenou expanzní nádobou. Kde se tato otevřená expanzní nádoba nachází?	B	U teplovodního kotlee	V nejvyšším místě soustavy	U každého otopného tělesa	Nezáleží na její poloze
SPS	470	Pokud v místnosti otevřete okno, pak se jedná o větrání ...	A	... přirozené.	... samočinné.	... nucené.	... lokální.
SPS	471	Co nepatří mezi výhody vysokotlaké klimatizace?	D	Menší rozměry rozvodného potrubí	Snažší (i dodatečná) instalace zařízení do objektu	Nastavení odlišné teploty pro každou místnost	Velmi nízká cena celého zařízení
SPS	472	Co je to tzv. výparné teplo?	A	Teplo, které látka potřebuje ke změně svého skupenství	Teplo, které látka vydá do okolí při vypařování	Teplo, které se z látky samovolně uvolňuje a lze využít k vytápění	Teplo, které se přemění v mechanickou energii kompresoru
SPS	473	Co musí splňovat chladící kapalina, aby byla vhodná pro použití do chladícího okruhu?	A	Musí mít vysokou teplotu varu	Musí mít vysokou hodnotu výparného tepla	Musí mít vysokou hustotu v kapalné formě	Musí mít vysokou cenu
SPS	474	Co se děje ve výparníku chladícího oběhu?	A	Chladivo je do něj přivedeno v kapalné formě a opouští ho v plynné formě	Chladivo je do něj přivedeno v kapalné formě a opouští ho taktéž v kapalné formě	Chladivo je do něj přivedeno v plynné formě a opouští ho taktéž v plynné formě	Chladivo je do něj přivedeno v plynné formě a opouští ho v kapalné formě
SPS	475	Pokud kompresorový chladicí oběh principiálně využíváme k vytápění, pak se jedná o ...	A	... tepelné čerpadlo.	... absorpční chlazení.	... decentralizovanou klimatizaci.	... teplovzdušné vytápění.
SPS	476	Jaký druh otopného tělesa se nachází na obrázku?	A	Článkové	Deskové	Trubkové	Konvektorové
SPS	477	K čemu u teplovodního vytápění slouží celek na obrázku?	D	K zajištění přirozeného proudění vody topným okruhem	K zrychlení doby náběhu po spuštění topného systému	K zajištění topného okruhu proti zamrznutí v případě odstávky	K zachycování změny objemu vody při změně její teploty
SPS	478	O jaký druh vytápění se jedná, pokud se pro vytápění použije zdroj tepla na obrázku?	C	Dálkové	Ústřední	Lokální	Etážové
SPS	479	Na obrázku je schematicky zobrazen chladící okruh běžné ledničky s kompresorovým chlazením. Jak se nazývá část okruhu označena písmenem "A"?	C	Varník	Absorbér	Kondenzátor	Výparník
SPS	480	Z jednotky tepelného čerpadla na obrázku vlevo vedou trubky pouze do vytápěného objektu, jak je znázorněno na schématu. O jaký druh tepelného čerpadla se jedná?	D	Vzduch - vzduch	Voda - voda	Země - voda	Vzduch - voda
SPS	481	Jakou energii získáváme z jaderného reaktoru?	A	Tepelnou energii	Chemickou energii	Jadernou energii	Potenciální energii
SPS	482	Čím se štěpí nuklid (atom) uranu?	A	Volným neutronem	Přívodem tepla	Gama zářením	Pomocí moderátoru
SPS	483	V jádře atomu se nachází	A	protony a neutrony.	protony a elektrony.	pouze neutrony.	pouze protony.
SPS	484	Co NEVZNIKNE štěpením nuklidu (atomu) uranu?	A	Vodní pára	Štěpné trosky (odštěpky)	Volné neutrony	Elektromagnetické záření
SPS	485	Co má za úkol v jaderném reaktoru tzv. moderátor?	A	Zpomalovat neutrony	Pohlcovat neutrony	Zrychlovat neutrony	Odrážet neutrony
SPS	486	U kterého z těchto jaderných reaktorů NEHROZÍ nebezpečí neřízené reakce, štěpení a výbuchu?	A	U fúzního reaktoru	U tlakovodního reaktoru	U varného reaktoru	U množivého reaktoru
SPS	487	Který druh jaderného reaktoru je používán pro české jaderné elektrárny (Dukovany a Temelín)?	A	Tlakovodní reaktor	Fúzní reaktor	Varný reaktor	Množivý reaktor
SPS	488	Jak se nazývá jaderný reaktor, který jako palivo používá plutonium?	A	Množivý reaktor	Tlakovodní reaktor	Fúzní reaktor	Varný reaktor
SPS	489	Který z těchto chemických vzorců NEOZNAČUJE látku používanou jako chladivo v jaderných reaktorech?	D	H2O	D2O	CO2	DO2
SPS	490	K čemu slouží v jaderném reaktoru tzv. reflektor?	A	K odrážení neutronů	K pohlcování neutronů	Ke zpomalování neutronů	Ke zrychlování neutronů
SPS	491	V jakém skupenství se dopravuje palivo do jaderného reaktoru?	A	V pevném skupenství	V plynném skupenství	V kapalném skupenství	V plazmatickém skupenství
SPS	492	Která z těchto druhů elektráren se NEŘADÍ mezi tepelné?	A	Solární elektrárna	Jaderná elektrárna	Uhelná elektrárna	Paroplynová elektrárna
SPS	493	Která z těchto druhů elektráren se NEŘADÍ mezi ty, které používají pro výrobu elektrické energie obnovitelný zdroj energie?	A	Paroplynová elektrárna	Solární elektrárna	Větrné elektrárna	Vodní elektrárna
SPS	494	Jak dlouho po vyjmutí z jaderného reaktoru se skladuje (chladí a stíní) použité palivo ve vodě?	A	Cca 10 let	Cca 10 dní	Cca 10 týdnů	Cca 10 měsíců
SPS	495	Co NEPATŘÍ mezi nevýhody solárních elektráren?	A	Náročnost na údržbu	Vysoká pořizovací cena	Závislost na okolních podmínkách	Nízká účinnost
SPS	496	Jakou zkratkou lze označit jaderný reaktor, jehož schéma je na obrázku?	A	PWR	BWR	PHWR	GCR
SPS	497	Jak by se dal nejlépe nazvat jaderný reaktor, jehož schéma je na obrázku?	C	Tlakovodní	Těžkovodní	Varný	Lehkovodní
SPS	498	K čemu slouží v jaderné elektrárně tento celek?	A	Ke skladování použitého paliva	K termonukleárnímu štěpení paliva	K přípravě čerstvého paliva	K zastavení štěpné reakce
SPS	499	Na obrázku je výřez leteckého pohledu na jadernou elektrárnu Dukovany. K čemu dochází ve čtyřech šedých velkých objektech na obrázku?	A	K chlazení použité chladící vody z kondenzátoru	K odvodu vzniklé páry z jaderném reaktoru	K zvýšení tahu spalin z plynové turbíny	K vypouštění nevyužité vodní páry z parogenerátoru
SPS	500	Na obrázku je schematicky zobrazeno štěpení jádra atomu uranu. Jak se nazývá prvek na schématu (nakreslený modrou barvou a označený červenou šipkou)?	B	Moderátor	Absorbátor	Odštěpek	Kontejnment
